trade_id,pair,direction,year,session,entry_leg,entry_price,sl_price,tp1_price,tp2_price,tp3_price,entry,sl_usd,tp1_usd,tp2_usd,tp3_usd,lot,open_bar,open_time,close_bar,close_time,status,result,profit_usd,exit_price,exit_reason,max_level_reached,sl_pips,tp1_pips,tp2_pips,tp3_pips,month,week_no,margin_used,score
51c3f636-547f-4f80-9d7e-8b4e31ccd086,GBPJPYm,SELL,2026,Asia,A,214.803,215.0701,214.5359,214.2688,214.0017,214.803,-7.11,7.11,14.23,21.34,0.04,344,2026-06-12 05:54:00 IST,1633,2026-06-15 03:30:00 IST,CLOSED,BREAKEVEN,2.68,214.783,breakeven,tp1,26.7,26.7,53.4,80.1,6,1.0,25.0,83.7
fa6aa56a-24c6-43a9-9dfd-50711dcfbaaf,GBPJPYm,SELL,2026,Asia,C,215.053,215.3201,214.7859,214.5188,214.2517,215.053,-7.11,7.11,14.23,21.34,0.04,,,1633,2026-06-15 03:30:00 IST,CLOSED,CANCELLED,0.0,215.053,expired_2_days,none,26.7,26.7,53.4,80.1,6,,25.0,78.7
b0e9e7a2-4d50-47a8-8efb-de9080651462,GBPJPYm,SELL,2026,London,A,215.119,215.3486,214.8894,214.6598,214.4302,215.119,-6.13,6.13,12.23,18.35,0.04,2182,2026-06-15 12:39:00 IST,2544,2026-06-15 18:41:00 IST,CLOSED,BREAKEVEN,2.32,215.099,breakeven,tp1,23.0,23.0,45.9,68.9,6,1.0,25.0,83.6
00f35901-704e-4669-b206-5d4a2027ed6c,GBPJPYm,BUY,2026,Asia,C,214.714,214.5271,214.9009,215.0878,215.2747,214.714,-4.98,4.98,9.96,14.95,0.04,3290,2026-06-16 07:12:00 IST,3376,2026-06-16 08:38:00 IST,CLOSED,LOSS,-3.48,214.5271,sl_hit,sl_hit,18.7,18.7,37.4,56.1,6,1.0,25.0,78.6
f7690a82-41eb-4faa-add9-1fd83082ada0,GBPJPYm,BUY,2026,London,A,214.964,214.7771,215.1509,215.3378,215.5247,214.964,-4.98,4.98,9.96,14.95,0.04,3619,2026-06-16 12:41:00 IST,3933,2026-06-16 17:55:00 IST,CLOSED,BREAKEVEN,1.93,214.984,breakeven,tp1,18.7,18.7,37.4,56.1,6,1.0,25.0,83.6
d81026e9-ecf5-457f-b141-ebf9b3f203e6,GBPJPYm,SELL,2026,Asia,A,215.375,215.5433,215.2067,215.0384,214.8701,215.375,-4.48,4.48,8.98,13.45,0.04,4647,2026-06-17 05:55:00 IST,5108,2026-06-17 13:36:00 IST,CLOSED,WIN,5.46,214.8701,tp3,tp3,16.8,16.8,33.7,50.5,6,1.0,25.0,83.5
01e09c27-865b-4ead-9608-4117de83edc9,GBPJPYm,SELL,2026,London Close,C,215.369,215.5986,215.1394,214.9098,214.6802,215.369,-6.13,6.13,12.23,18.35,0.04,4085,2026-06-16 20:27:00 IST,5509,2026-06-17 20:17:00 IST,CLOSED,WIN,7.46,214.6802,tp3,tp3,23.0,23.0,45.9,68.9,6,1.0,25.0,78.6
fb0a970a-c01a-46ed-8667-10022f32c43d,GBPJPYm,BUY,2026,London,A,213.605,213.3709,213.8391,214.0732,214.3073,213.605,-6.23,6.23,12.47,18.7,0.04,6482,2026-06-18 12:36:00 IST,6549,2026-06-18 13:43:00 IST,CLOSED,LOSS,-4.38,213.3709,sl_hit,sl_hit,23.4,23.4,46.8,70.2,6,1.0,25.0,83.6
ba3d9059-bbe4-4f00-925b-f7df30e7c31c,GBPJPYm,BUY,2026,London,C,213.355,213.1209,213.5891,213.8232,214.0573,213.355,-6.23,6.23,12.47,18.7,0.04,6549,2026-06-18 13:43:00 IST,6579,2026-06-18 14:13:00 IST,CLOSED,LOSS,-4.39,213.1209,sl_hit,sl_hit,23.4,23.4,46.8,70.2,6,1.0,25.0,78.6
85d11524-b0bb-4fe8-a7f4-6531ed3de825,GBPJPYm,SELL,2026,Asia,C,215.625,215.7933,215.4567,215.2884,215.1201,215.625,-4.48,4.48,8.98,13.45,0.04,,,7367,2026-06-19 03:30:00 IST,CLOSED,CANCELLED,0.0,215.625,expired_2_days,none,16.8,16.8,33.7,50.5,6,,25.0,78.5
bd1700b9-0df6-4ce1-9166-967eaa4f7105,GBPJPYm,BUY,2026,Asia,A,212.931,212.6133,213.2487,213.5664,213.8841,212.931,-8.47,8.47,16.92,25.39,0.04,7506,2026-06-19 05:49:00 IST,7768,2026-06-19 10:11:00 IST,CLOSED,LOSS,-5.97,212.6133,sl_hit,sl_hit,31.8,31.8,63.5,95.3,6,2.0,25.0,83.7
07a35eff-33c5-4434-8437-c48133048a4d,GBPJPYm,BUY,2026,Asia,C,212.681,212.3633,212.9987,213.3164,213.6341,212.681,-8.47,8.47,16.92,25.39,0.04,7550,2026-06-19 06:33:00 IST,8597,2026-06-20 00:00:00 IST,CLOSED,EXPIRED,3.61,213.449,expired_session_end,tp2,31.8,31.8,63.5,95.3,6,2.0,25.0,78.7
cf49603b-77e8-42a0-b445-653bbf206c9e,EURJPYm,SELL,2026,Asia,C,185.608,185.8303,185.3857,185.1634,184.9411,185.608,-5.91,5.91,11.85,17.77,0.04,,,1640,2026-06-15 03:30:00 IST,CLOSED,CANCELLED,0.0,185.608,expired_2_days,none,22.2,22.2,44.5,66.7,6,,21.6,78.6
9b1b6900-1ccc-4e84-9aa7-e6d6bd72e040,EURJPYm,SELL,2026,London,A,185.358,185.5803,185.1357,184.9134,184.6911,185.358,-5.91,5.91,11.85,17.77,0.04,691,2026-06-12 11:31:00 IST,1648,2026-06-15 03:38:00 IST,CLOSED,LOSS,-4.8,185.5803,sl_hit,sl_hit,22.2,22.2,44.5,66.7,6,1.0,21.6,83.6
fda84d92-06c0-4f2f-b207-b6dce56f101e,EURJPYm,SELL,2026,Asia,C,185.839,185.9981,185.6799,185.5208,185.3617,185.839,-4.24,4.24,8.47,12.71,0.04,1874,2026-06-15 07:24:00 IST,2474,2026-06-15 17:24:00 IST,CLOSED,LOSS,-3.42,185.9981,sl_hit,sl_hit,15.9,15.9,31.8,47.7,6,1.0,21.6,78.5
57abc49a-17cf-4149-b2bb-6cf9c0de9c85,EURJPYm,BUY,2026,Asia,A,185.735,185.5897,185.8803,186.0256,186.1709,185.735,-3.86,3.86,7.75,11.62,0.04,3261,2026-06-16 06:32:00 IST,3282,2026-06-16 06:53:00 IST,CLOSED,LOSS,-3.13,185.5897,sl_hit,sl_hit,14.5,14.5,29.1,43.6,6,1.0,21.6,83.4
a0833053-cd11-4bf3-a744-ef22bb7cbbe3,EURJPYm,SELL,2026,Asia,A,185.589,185.7481,185.4299,185.2708,185.1117,185.589,-4.24,4.24,8.47,12.71,0.04,3282,2026-06-16 06:53:00 IST,3630,2026-06-16 12:41:00 IST,CLOSED,LOSS,-3.43,185.7481,sl_hit,sl_hit,15.9,15.9,31.8,47.7,6,1.0,21.6,83.5
281ca138-8357-47b2-93cb-2b6c8e5e5bd5,EURJPYm,SELL,2026,Asia,A,186.246,186.4116,186.0804,185.9148,185.7492,186.246,-4.42,4.42,8.82,13.24,0.04,4680,2026-06-17 06:11:00 IST,5328,2026-06-17 16:59:00 IST,CLOSED,WIN,6.23,185.7492,tp3,tp3,16.6,16.6,33.1,49.7,6,1.0,21.6,83.5
3fbc12e2-0d12-4f66-a649-39118683eaca,EURJPYm,BUY,2026,Asia,C,185.485,185.3397,185.6303,185.7756,185.9209,185.485,-3.86,3.86,7.75,11.62,0.04,,,5958,2026-06-18 03:30:00 IST,CLOSED,CANCELLED,0.0,185.485,expired_2_days,none,14.5,14.5,29.1,43.6,6,,21.6,78.4
fbb2d417-235f-477d-be2a-a1552109a226,EURJPYm,BUY,2026,London,A,184.801,184.6239,184.9781,185.1552,185.3323,184.801,-4.72,4.72,9.43,14.15,0.04,6572,2026-06-18 13:44:00 IST,6611,2026-06-18 14:23:00 IST,CLOSED,LOSS,-3.83,184.6239,sl_hit,sl_hit,17.7,17.7,35.4,53.1,6,1.0,21.6,83.5
fa2aa39b-b1dc-4fab-afd7-b1031736611f,EURJPYm,BUY,2026,NewYork Open,C,184.551,184.3739,184.7281,184.9052,185.0823,184.551,-4.72,4.72,9.43,14.15,0.04,6738,2026-06-18 16:30:00 IST,6756,2026-06-18 16:48:00 IST,CLOSED,LOSS,-3.84,184.3739,sl_hit,sl_hit,17.7,17.7,35.4,53.1,6,1.0,21.6,78.5
0217759f-ed22-4f98-9f1a-8eb0bfd647d2,EURJPYm,SELL,2026,Asia,C,186.496,186.6616,186.3304,186.1648,185.9992,186.496,-4.42,4.42,8.82,13.24,0.04,,,7398,2026-06-19 03:30:00 IST,CLOSED,CANCELLED,0.0,186.496,expired_2_days,none,16.6,16.6,33.1,49.7,6,,21.6,78.5
8570198d-74a2-4476-bc5c-96f0a9e7a60c,EURJPYm,BUY,2026,Asia,A,184.812,184.6091,185.0149,185.2178,185.4207,184.812,-5.41,5.41,10.82,16.22,0.04,7542,2026-06-19 05:54:00 IST,7554,2026-06-19 06:06:00 IST,CLOSED,LOSS,-4.39,184.6091,sl_hit,sl_hit,20.3,20.3,40.6,60.9,6,2.0,21.6,83.6
1bd44995-9849-43db-b97f-b8180658888a,EURJPYm,BUY,2026,Asia,C,184.562,184.3591,184.7649,184.9678,185.1707,184.562,-5.41,5.41,10.82,16.22,0.04,7581,2026-06-19 06:33:00 IST,7821,2026-06-19 10:33:00 IST,CLOSED,LOSS,-4.4,184.3591,sl_hit,sl_hit,20.3,20.3,40.6,60.9,6,2.0,21.6,78.6
e3fead82-45b0-44a4-90c4-a6a6da761159,USDCADm,BUY,2026,Asia,A,1.39725,1.39568,1.39882,1.40039,1.40196,1.39725,-4.62,4.62,9.23,13.85,0.04,356,2026-06-12 06:00:00 IST,824,2026-06-12 13:48:00 IST,CLOSED,BREAKEVEN,3.54,1.39745,breakeven,tp1,15.7,15.7,31.4,47.1,6,1.0,20.0,83.5
4e5e3ef5-aa38-4625-ab17-3b839fb49c89,USDCADm,BUY,2026,Asia,C,1.39475,1.39318,1.39632,1.39789,1.39946,1.39475,-4.62,4.62,9.23,13.85,0.04,,,1640,2026-06-15 03:30:00 IST,CLOSED,CANCELLED,0.0,1.39475,expired_2_days,none,15.7,15.7,31.4,47.1,6,,20.0,78.5
6b213350-755c-42ce-8195-ed95c722949a,USDCADm,BUY,2026,Asia,A,1.39637,1.39512,1.39762,1.39886,1.40011,1.39637,-3.68,3.68,7.32,11.0,0.04,1808,2026-06-15 06:18:00 IST,2074,2026-06-15 10:44:00 IST,CLOSED,LOSS,-5.0,1.39512,sl_hit,sl_hit,12.5,12.5,24.9,37.4,6,1.0,20.0,83.4
69315718-e7cd-42cb-b586-485f69611b43,USDCADm,SELL,2026,Asia,A,1.39921,1.40046,1.39796,1.39672,1.39547,1.39921,-3.68,3.68,7.32,11.0,0.04,3247,2026-06-16 06:18:00 IST,3452,2026-06-16 09:43:00 IST,CLOSED,LOSS,-5.0,1.40046,sl_hit,sl_hit,12.5,12.5,24.9,37.4,6,1.0,20.0,83.4
2b02cf4d-7e47-42f3-8a83-d5dcd455bade,USDCADm,SELL,2026,London,C,1.40171,1.40296,1.40046,1.39922,1.39797,1.40171,-3.68,3.68,7.32,11.0,0.04,3566,2026-06-16 11:37:00 IST,3904,2026-06-16 17:15:00 IST,CLOSED,WIN,6.24,1.40046,tp1,tp2,12.5,12.5,24.9,37.4,6,1.0,20.0,78.4
b2701839-38d8-4358-a8a6-a6b2e1cb6ad8,USDCADm,BUY,2026,Asia,C,1.39387,1.39262,1.39512,1.39636,1.39761,1.39387,-3.68,3.68,7.32,11.0,0.04,,,4517,2026-06-17 03:30:00 IST,CLOSED,CANCELLED,0.0,1.39387,expired_2_days,none,12.5,12.5,24.9,37.4,6,,20.0,78.4
abdf89de-4833-4489-84e6-925db9d85d26,USDCADm,BUY,2026,Asia,A,1.39961,1.39836,1.40086,1.4021,1.40335,1.39961,-3.68,3.68,7.32,11.0,0.04,4726,2026-06-17 06:59:00 IST,5607,2026-06-17 21:40:00 IST,CLOSED,WIN,8.73,1.40335,tp3,tp3,12.5,12.5,24.9,37.4,6,1.0,20.0,83.4
919806e6-5aaa-4bfe-bd6c-5d63f54d261c,USDCADm,SELL,2026,Asia,A,1.41011,1.41202,1.4082,1.40629,1.40438,1.41011,-5.62,5.62,11.23,16.85,0.04,6102,2026-06-18 05:57:00 IST,6611,2026-06-18 14:26:00 IST,CLOSED,LOSS,-7.64,1.41202,sl_hit,sl_hit,19.1,19.1,38.2,57.3,6,1.0,20.0,83.6
b4227533-bbdb-464f-baef-20d367625a59,USDCADm,SELL,2026,NewYork Open,C,1.41261,1.41452,1.4107,1.40879,1.40688,1.41261,-5.62,5.62,11.23,16.85,0.04,6752,2026-06-18 16:47:00 IST,7030,2026-06-18 21:25:00 IST,CLOSED,LOSS,-7.64,1.41452,sl_hit,sl_hit,19.1,19.1,38.2,57.3,6,1.0,20.0,78.6
155b9c74-c0eb-498a-9c10-41a2ea824293,USDCADm,BUY,2026,Asia,C,1.39711,1.39586,1.39836,1.3996,1.40085,1.39711,-3.68,3.68,7.32,11.0,0.04,,,7393,2026-06-19 03:30:00 IST,CLOSED,CANCELLED,0.0,1.39711,expired_2_days,none,12.5,12.5,24.9,37.4,6,,20.0,78.4
95534649-5571-42b2-a14f-411d2f1bf058,USDCHFm,BUY,2026,London,A,0.79506,0.79365,0.79646,0.79787,0.79927,0.79506,-6.33,6.29,12.62,18.91,0.04,827,2026-06-12 13:48:00 IST,1588,2026-06-15 02:35:00 IST,CLOSED,BREAKEVEN,3.2,0.79526,breakeven,tp1,14.1,14.0,28.1,42.1,6,1.0,20.0,83.4
005dbbfd-b590-4cdd-8677-7e013ef3189e,USDCHFm,BUY,2026,Asia,C,0.79256,0.79116,0.79397,0.79537,0.79678,0.79256,-6.29,6.33,12.62,18.96,0.04,,,1642,2026-06-15 03:30:00 IST,CLOSED,CANCELLED,0.0,0.79256,expired_2_days,none,14.0,14.1,28.1,42.2,6,,20.0,78.4
9fd87742-3049-45b7-b879-5d03e3735c0a,USDCHFm,BUY,2026,Asia,A,0.79391,0.79321,0.79461,0.79532,0.79602,0.79391,-3.14,3.14,6.33,9.48,0.04,1807,2026-06-15 06:15:00 IST,1920,2026-06-15 08:08:00 IST,CLOSED,BREAKEVEN,1.8,0.79411,breakeven,tp1,7.0,7.0,14.1,21.1,6,1.0,20.0,82.9
fee493d2-b5be-4e87-a31c-69362ad913e5,USDCHFm,SELL,2026,Asia,A,0.79449,0.7954,0.79358,0.79267,0.79175,0.79449,-4.09,4.09,8.18,12.31,0.04,3242,2026-06-16 06:11:00 IST,3453,2026-06-16 09:42:00 IST,CLOSED,LOSS,-3.64,0.7954,sl_hit,sl_hit,9.1,9.1,18.2,27.4,6,1.0,20.0,83.2
0b8eda33-2ac8-438d-82f3-ce620816b3ab,USDCHFm,BUY,2026,Asia,C,0.79141,0.7907,0.79211,0.79282,0.79352,0.79141,-3.19,3.14,6.33,9.48,0.04,,,4521,2026-06-17 03:30:00 IST,CLOSED,CANCELLED,0.0,0.79141,expired_2_days,none,7.1,7.0,14.1,21.1,6,,20.0,77.9
c9b7d731-aee8-4d08-8c77-03835888c3ab,USDCHFm,BUY,2026,NewYork Open,A,0.79315,0.79224,0.79406,0.79497,0.79589,0.79315,-4.09,4.09,8.18,12.31,0.04,5342,2026-06-17 17:11:00 IST,5415,2026-06-17 18:24:00 IST,CLOSED,LOSS,-3.64,0.79224,sl_hit,sl_hit,9.1,9.1,18.2,27.4,6,1.0,20.0,83.2
1d83da24-a6ae-4b0e-af85-4e04c5b327bf,USDCHFm,SELL,2026,Asia,C,0.79699,0.7979,0.79608,0.79517,0.79425,0.79699,-4.09,4.09,8.18,12.31,0.04,,,5960,2026-06-18 03:30:00 IST,CLOSED,CANCELLED,0.0,0.79699,expired_2_days,none,9.1,9.1,18.2,27.4,6,,20.0,78.2
ddb98216-3432-4bbd-803e-917d3c7d7315,USDCHFm,SELL,2026,London,A,0.79939,0.80044,0.79834,0.79729,0.79624,0.79939,-4.72,4.72,9.43,14.15,0.04,6440,2026-06-18 11:30:00 IST,6505,2026-06-18 12:35:00 IST,CLOSED,BREAKEVEN,2.5,0.79919,breakeven,tp1,10.5,10.5,21.0,31.5,6,1.0,20.0,83.3
3799eb4d-0e54-417a-a43b-67121470d6b8,USDCHFm,SELL,2026,London,C,0.80189,0.80294,0.80084,0.79979,0.79874,0.80189,-4.72,4.72,9.43,14.15,0.04,6595,2026-06-18 14:05:00 IST,6681,2026-06-18 15:31:00 IST,CLOSED,LOSS,-4.2,0.80294,sl_hit,sl_hit,10.5,10.5,21.0,31.5,6,1.0,20.0,78.3
b70081f1-5832-424d-899e-de16a4b71d6a,USDCHFm,BUY,2026,Asia,C,0.79065,0.78974,0.79156,0.79247,0.79339,0.79065,-4.09,4.09,8.18,12.31,0.04,,,7399,2026-06-19 03:30:00 IST,CLOSED,CANCELLED,0.0,0.79065,expired_2_days,none,9.1,9.1,18.2,27.4,6,,20.0,78.2
afd17a0d-c529-4f38-b648-4b91f180583b,USDCHFm,SELL,2026,Asia,A,0.80488,0.8064,0.80336,0.80185,0.80033,0.80488,-6.83,6.83,13.61,20.44,0.04,7605,2026-06-19 06:56:00 IST,7716,2026-06-19 08:47:00 IST,CLOSED,LOSS,-6.08,0.8064,sl_hit,sl_hit,15.2,15.2,30.3,45.5,6,2.0,20.0,83.5
fabd28a1-4db1-4db1-a27b-23982468d3f5,USDCHFm,SELL,2026,London,C,0.80738,0.8089,0.80586,0.80435,0.80283,0.80738,-6.83,6.83,13.61,20.44,0.04,7879,2026-06-19 11:30:00 IST,8285,2026-06-19 18:16:00 IST,CLOSED,BREAKEVEN,3.44,0.80718,breakeven,tp1,15.2,15.2,30.3,45.5,6,2.0,20.0,78.5
5ec8293d-2c74-40e2-9195-b570767220a9,USDJPYm,SELL,2026,Asia,A,160.132,160.2378,160.0262,159.9204,159.8146,160.132,-2.82,2.82,5.65,8.44,0.04,379,2026-06-12 06:24:00 IST,436,2026-06-12 07:21:00 IST,CLOSED,LOSS,-2.64,160.2378,sl_hit,sl_hit,10.6,10.6,21.2,31.7,6,1.0,20.0,83.3
adcb807d-d0fc-4c6b-88dc-1bf7d358b494,USDJPYm,SELL,2026,Asia,C,160.382,160.4878,160.2762,160.1704,160.0646,160.382,-2.82,2.82,5.65,8.44,0.04,,,1638,2026-06-15 03:30:00 IST,CLOSED,CANCELLED,0.0,160.382,expired_2_days,none,10.6,10.6,21.2,31.7,6,,20.0,78.3
d1c5eb96-fbc1-4951-97ec-82145a92bd1b,USDJPYm,SELL,2026,Asia,A,159.955,160.0608,159.8492,159.7434,159.6376,159.955,-2.82,2.82,5.65,8.44,0.04,1788,2026-06-15 06:00:00 IST,1810,2026-06-15 06:22:00 IST,CLOSED,LOSS,-2.65,160.0608,sl_hit,sl_hit,10.6,10.6,21.2,31.7,6,1.0,20.0,83.3
cfe1d6d8-5031-4641-bc41-9a9dd8091422,USDJPYm,SELL,2026,Asia,C,160.205,160.3108,160.0992,159.9934,159.8876,160.205,-2.82,2.82,5.65,8.44,0.04,1845,2026-06-15 06:57:00 IST,2136,2026-06-15 11:48:00 IST,CLOSED,WIN,3.3,160.0992,tp1,tp2,10.6,10.6,21.2,31.7,6,1.0,20.0,78.3
7d32a769-6939-4682-8782-07e8915e9f1f,USDJPYm,SELL,2026,Asia,A,160.241,160.3468,160.1352,160.0294,159.9236,160.241,-2.82,2.82,5.65,8.44,0.04,3218,2026-06-16 05:51:00 IST,3396,2026-06-16 08:49:00 IST,CLOSED,BREAKEVEN,1.57,160.221,breakeven,tp1,10.6,10.6,21.2,31.7,6,1.0,20.0,83.3
36764c55-c305-414a-970e-7baffcce5ae0,USDJPYm,SELL,2026,Asia,C,160.491,160.5968,160.3852,160.2794,160.1736,160.491,-2.82,2.82,5.65,8.44,0.04,,,5957,2026-06-18 03:30:00 IST,CLOSED,CANCELLED,0.0,160.491,expired_2_days,none,10.6,10.6,21.2,31.7,6,,20.0,78.3
55ca478f-a1f4-4315-8902-affb94fed872,USDJPYm,SELL,2026,Asia,A,160.42,160.5258,160.3142,160.2084,160.1026,160.42,-2.82,2.82,5.65,8.44,0.04,6077,2026-06-18 05:30:00 IST,6077,2026-06-18 05:30:00 IST,CLOSED,LOSS,-2.64,160.5258,sl_hit,sl_hit,10.6,10.6,21.2,31.7,6,1.0,20.0,83.3
c565b73a-0d50-4b2f-ab06-415d812b3b4a,USDJPYm,SELL,2026,Asia,C,160.67,160.7758,160.5642,160.4584,160.3526,160.67,-2.82,2.82,5.65,8.44,0.04,6118,2026-06-18 06:11:00 IST,6472,2026-06-18 12:05:00 IST,CLOSED,BREAKEVEN,1.57,160.65,breakeven,tp1,10.6,10.6,21.2,31.7,6,1.0,20.0,78.3
3e433fa2-2475-4cca-a87c-92809d69d3ba,USDJPYm,SELL,2026,London,A,161.293,161.4858,161.1002,160.9074,160.7146,161.293,-5.14,5.14,10.28,15.4,0.04,7871,2026-06-19 11:30:00 IST,8621,2026-06-20 00:00:00 IST,CLOSED,EXPIRED,0.57,161.27,expired_session_end,none,19.3,19.3,38.6,57.8,6,2.0,20.0,83.6
646687fe-24c9-45db-adef-bc06faae4429,USDJPYm,SELL,2026,Asia,C,161.543,161.7358,161.3502,161.1574,160.9646,161.543,-5.14,5.14,10.28,15.4,0.04,,,8621,2026-06-20 00:00:00 IST,CLOSED,CANCELLED,0.0,161.543,expired,none,19.3,19.3,38.6,57.8,6,,20.0,78.6
ddf98714-1ceb-4a0f-9773-434c552c09e7,AUDUSDm,SELL,2026,Asia,A,0.70469,0.70634,0.70304,0.7014,0.69975,0.70469,-6.6,6.6,13.16,19.76,0.04,357,2026-06-12 05:59:00 IST,611,2026-06-12 10:13:00 IST,CLOSED,BREAKEVEN,3.7,0.70449,breakeven,tp1,16.5,16.5,32.9,49.4,6,1.0,13.0,83.5
51cd5a2e-e533-4766-9dc0-84849d3dbd21,AUDUSDm,SELL,2026,Asia,C,0.70719,0.70884,0.70554,0.7039,0.70225,0.70719,-6.6,6.6,13.16,19.76,0.04,,,1641,2026-06-15 03:30:00 IST,CLOSED,CANCELLED,0.0,0.70719,expired_2_days,none,16.5,16.5,32.9,49.4,6,,13.0,78.5
05b4da63-eef9-41e7-a7db-1c1b13b9b67e,AUDUSDm,SELL,2026,Asia,A,0.70742,0.70841,0.70643,0.70544,0.70445,0.70742,-3.96,3.96,7.92,11.88,0.04,1813,2026-06-15 06:22:00 IST,2072,2026-06-15 10:41:00 IST,CLOSED,LOSS,-3.96,0.70841,sl_hit,sl_hit,9.9,9.9,19.8,29.7,6,1.0,13.0,83.2
a382b85b-6acc-44dc-bc54-dc883cca689d,AUDUSDm,BUY,2026,Asia,A,0.70711,0.70602,0.7082,0.7093,0.71039,0.70711,-4.36,4.36,8.76,13.12,0.04,3258,2026-06-16 06:29:00 IST,3320,2026-06-16 07:31:00 IST,CLOSED,LOSS,-4.36,0.70602,sl_hit,sl_hit,10.9,10.9,21.9,32.8,6,1.0,13.0,83.3
4736a0d7-687f-4c2b-8a96-a61d160214a3,AUDUSDm,SELL,2026,Asia,C,0.70992,0.71091,0.70893,0.70794,0.70695,0.70992,-3.96,3.96,7.92,11.88,0.04,,,4517,2026-06-17 03:30:00 IST,CLOSED,CANCELLED,0.0,0.70992,expired_2_days,none,9.9,9.9,19.8,29.7,6,,13.0,78.2
f88810f5-00ed-443f-b867-816c1001b42c,AUDUSDm,SELL,2026,London,A,0.70648,0.70757,0.70539,0.70429,0.7032,0.70648,-4.36,4.36,8.76,13.12,0.04,4997,2026-06-17 11:30:00 IST,5100,2026-06-17 13:13:00 IST,CLOSED,BREAKEVEN,2.58,0.70628,breakeven,tp1,10.9,10.9,21.9,32.8,6,1.0,13.0,83.3
b358485a-3016-4ac1-99fe-524cb8196152,AUDUSDm,BUY,2026,Asia,C,0.70461,0.70352,0.7057,0.7068,0.70789,0.70461,-4.36,4.36,8.76,13.12,0.04,,,5954,2026-06-18 03:30:00 IST,CLOSED,CANCELLED,0.0,0.70461,expired_2_days,none,10.9,10.9,21.9,32.8,6,,13.0,78.3
9a641a84-e4b6-42c2-904c-9bd768113f17,AUDUSDm,BUY,2026,London,A,0.7018,0.70071,0.70289,0.70399,0.70508,0.7018,-4.36,4.36,8.76,13.12,0.04,6599,2026-06-18 14:15:00 IST,6626,2026-06-18 14:42:00 IST,CLOSED,LOSS,-4.36,0.70071,sl_hit,sl_hit,10.9,10.9,21.9,32.8,6,1.0,13.0,83.3
ccb707d5-816a-4e02-b91e-578bc7e35d33,AUDUSDm,SELL,2026,Asia,C,0.70898,0.71007,0.70789,0.70679,0.7057,0.70898,-4.36,4.36,8.76,13.12,0.04,,,7393,2026-06-19 03:30:00 IST,CLOSED,CANCELLED,0.0,0.70898,expired_2_days,none,10.9,10.9,21.9,32.8,6,,13.0,78.3
dae130d5-5c3e-4e0b-9a6b-7435e713b407,AUDUSDm,BUY,2026,Asia,C,0.6993,0.69821,0.70039,0.70149,0.70258,0.6993,-4.36,4.36,8.76,13.12,0.04,,,8623,2026-06-20 00:00:00 IST,CLOSED,CANCELLED,0.0,0.6993,expired,none,10.9,10.9,21.9,32.8,6,,13.0,78.3
c90901a7-c572-4fd0-9bfe-ee564f0a981f,AUDJPYm,SELL,2026,Asia,A,112.846,113.0651,112.6269,112.4078,112.1887,112.846,-5.83,5.83,11.67,17.5,0.04,354,2026-06-12 05:58:00 IST,541,2026-06-12 09:05:00 IST,CLOSED,BREAKEVEN,4.23,112.826,breakeven,tp1,21.9,21.9,43.8,65.7,6,1.0,13.0,83.6
2e2d1c88-bc3d-4f0f-8d34-748138f9e690,AUDJPYm,SELL,2026,Asia,C,113.096,113.3151,112.8769,112.6578,112.4387,113.096,-5.83,5.83,11.67,17.5,0.04,,,1636,2026-06-15 03:30:00 IST,CLOSED,CANCELLED,0.0,113.096,expired_2_days,none,21.9,21.9,43.8,65.7,6,,13.0,78.6
2868315e-9bf4-486a-9d5c-76083e3241e5,AUDJPYm,SELL,2026,Asia,A,113.159,113.2759,113.0421,112.9252,112.8083,113.159,-3.12,3.12,6.23,9.35,0.04,1815,2026-06-15 06:29:00 IST,1863,2026-06-15 07:17:00 IST,CLOSED,LOSS,-4.13,113.2759,sl_hit,sl_hit,11.7,11.7,23.4,35.1,6,1.0,13.0,83.3
d13d2c33-5157-4245-9a9e-7e1477abb313,AUDJPYm,SELL,2026,London Close,C,113.409,113.5259,113.2921,113.1752,113.0583,113.409,-3.12,3.12,6.23,9.35,0.04,2650,2026-06-15 20:24:00 IST,3316,2026-06-16 07:35:00 IST,CLOSED,WIN,7.21,113.0583,tp3,tp3,11.7,11.7,23.4,35.1,6,1.0,13.0,78.3
bb0ab014-52dc-4fc4-9400-5a4ecda9456e,AUDJPYm,SELL,2026,London,A,113.312,113.4597,113.1643,113.0166,112.8689,113.312,-3.94,3.94,7.86,11.8,0.04,3726,2026-06-16 14:25:00 IST,4014,2026-06-16 19:13:00 IST,CLOSED,LOSS,-5.21,113.4597,sl_hit,sl_hit,14.8,14.8,29.5,44.3,6,1.0,13.0,83.4
3bd24bb6-6a92-4580-ac4c-9070b62678d5,AUDJPYm,SELL,2026,Asia,A,113.337,113.4878,113.1862,113.0354,112.8846,113.337,-4.02,4.02,8.05,12.04,0.04,4680,2026-06-17 06:24:00 IST,5352,2026-06-17 17:36:00 IST,CLOSED,WIN,6.65,113.1862,tp1,tp2,15.1,15.1,30.2,45.2,6,1.0,13.0,83.5
c64c3f33-3449-46e6-8331-9da3b5ea3e42,AUDJPYm,SELL,2026,Asia,C,113.562,113.7097,113.4143,113.2666,113.1189,113.562,-3.94,3.94,7.86,11.8,0.04,,,5941,2026-06-18 03:30:00 IST,CLOSED,CANCELLED,0.0,113.562,expired_2_days,none,14.8,14.8,29.5,44.3,6,,13.0,78.4
d3a6e784-df71-4fe4-9b6c-124e7c91af1d,AUDJPYm,BUY,2026,London,A,112.712,112.5612,112.8628,113.0136,113.1644,112.712,-4.02,4.02,8.05,12.04,0.04,6598,2026-06-18 14:27:00 IST,6603,2026-06-18 14:32:00 IST,CLOSED,LOSS,-5.35,112.5612,sl_hit,sl_hit,15.1,15.1,30.2,45.2,6,1.0,13.0,83.5
647eda19-94a1-4395-bb2a-131515fbe863,AUDJPYm,SELL,2026,Asia,C,113.587,113.7378,113.4362,113.2854,113.1346,113.587,-4.02,4.02,8.05,12.04,0.04,,,7376,2026-06-19 03:30:00 IST,CLOSED,CANCELLED,0.0,113.587,expired_2_days,none,15.1,15.1,30.2,45.2,6,,13.0,78.5
813f1f3e-ca5e-4c03-ae8a-0175fef02153,AUDJPYm,SELL,2026,London,A,113.104,113.211,112.997,112.89,112.783,113.104,-2.85,2.85,5.7,8.55,0.04,7878,2026-06-19 11:52:00 IST,8036,2026-06-19 14:30:00 IST,CLOSED,LOSS,-3.78,113.211,sl_hit,sl_hit,10.7,10.7,21.4,32.1,6,2.0,13.0,83.3
929976c3-5f9e-4576-aeb2-74061467c3cd,AUDJPYm,BUY,2026,Asia,C,112.462,112.3112,112.6128,112.7636,112.9144,112.462,-4.02,4.02,8.05,12.04,0.04,,,8606,2026-06-20 00:00:00 IST,CLOSED,CANCELLED,0.0,112.462,expired,none,15.1,15.1,30.2,45.2,6,,13.0,78.5
a0515fea-ab58-4622-be8d-6fecde7a0bab,AUDJPYm,SELL,2026,Asia,C,113.354,113.461,113.247,113.14,113.033,113.354,-2.85,2.85,5.7,8.55,0.04,,,8606,2026-06-20 00:00:00 IST,CLOSED,CANCELLED,0.0,113.354,expired,none,10.7,10.7,21.4,32.1,6,,13.0,78.3
4bd22c53-be7a-4392-821a-d917e723309e,NZDJPYm,SELL,2026,NewYork Open,A,93.387,93.5345,93.2395,93.092,92.9445,93.387,-3.92,3.92,7.86,11.77,0.04,1007,2026-06-12 16:56:00 IST,1601,2026-06-15 03:03:00 IST,CLOSED,BREAKEVEN,3.59,93.367,breakeven,tp1,14.7,14.7,29.5,44.2,6,1.0,12.0,83.4
77a20595-81f8-477b-92ea-1fb2715d5979,NZDJPYm,SELL,2026,Asia,C,93.637,93.7845,93.4895,93.342,93.1945,93.637,-3.92,3.92,7.86,11.77,0.04,,,1628,2026-06-15 03:30:00 IST,CLOSED,CANCELLED,0.0,93.637,expired_2_days,none,14.7,14.7,29.5,44.2,6,,12.0,78.4
af73d05d-0360-49cf-b92c-908a425f6931,NZDJPYm,BUY,2026,London,C,93.111,92.9926,93.2294,93.3478,93.4662,93.111,-3.14,3.14,6.31,9.46,0.04,3543,2026-06-16 11:30:00 IST,3793,2026-06-16 15:40:00 IST,CLOSED,WIN,8.89,93.4662,tp3,tp3,11.8,11.8,23.7,35.5,6,1.0,12.0,78.3
621afc3d-8436-448c-9911-9aee1b0d4070,NZDJPYm,BUY,2026,London,A,93.361,93.2426,93.4794,93.5978,93.7162,93.361,-3.14,3.14,6.31,9.46,0.04,3707,2026-06-16 14:14:00 IST,3924,2026-06-16 17:51:00 IST,CLOSED,BREAKEVEN,2.97,93.381,breakeven,tp1,11.8,11.8,23.7,35.5,6,1.0,12.0,83.3
8908281e-2642-44a1-be62-32969a7bf116,NZDJPYm,SELL,2026,Asia,A,93.526,93.6444,93.4076,93.2892,93.1708,93.526,-3.14,3.14,6.31,9.46,0.04,4654,2026-06-17 06:09:00 IST,5107,2026-06-17 13:42:00 IST,CLOSED,WIN,8.86,93.1708,tp3,tp3,11.8,11.8,23.7,35.5,6,1.0,12.0,83.3
348aed3d-c577-4e85-8e3b-03f34840fc29,NZDJPYm,BUY,2026,London,A,92.727,92.5949,92.8591,92.9912,93.1233,92.727,-3.52,3.52,7.03,10.55,0.04,6579,2026-06-18 14:19:00 IST,6592,2026-06-18 14:32:00 IST,CLOSED,LOSS,-5.7,92.5949,sl_hit,sl_hit,13.2,13.2,26.4,39.6,6,1.0,12.0,83.4
c921686c-f2af-4c3c-b259-6b39f92ad3ea,NZDJPYm,SELL,2026,Asia,C,93.776,93.8944,93.6576,93.5392,93.4208,93.776,-3.14,3.14,6.31,9.46,0.04,,,7363,2026-06-19 03:30:00 IST,CLOSED,CANCELLED,0.0,93.776,expired_2_days,none,11.8,11.8,23.7,35.5,6,,12.0,78.3
5e9ead6c-2ecd-4b1b-851e-3f8298536119,NZDJPYm,BUY,2026,Asia,A,92.812,92.6799,92.9441,93.0762,93.2083,92.812,-3.52,3.52,7.03,10.55,0.04,7518,2026-06-19 06:05:00 IST,7567,2026-06-19 06:54:00 IST,CLOSED,LOSS,-5.69,92.6799,sl_hit,sl_hit,13.2,13.2,26.4,39.6,6,2.0,12.0,83.4
ea127d8e-1125-412f-98a7-3e134d920888,NZDJPYm,BUY,2026,London,C,92.562,92.4299,92.6941,92.8262,92.9583,92.562,-3.52,3.52,7.03,10.55,0.04,7843,2026-06-19 11:30:00 IST,7843,2026-06-19 11:30:00 IST,CLOSED,LOSS,-5.71,92.4299,sl_hit,sl_hit,13.2,13.2,26.4,39.6,6,2.0,12.0,78.4
6f2ce40c-10d0-4802-ab01-5716628adf79,NZDJPYm,BUY,2026,London,C,92.477,92.3449,92.6091,92.7412,92.8733,92.477,-3.52,3.52,7.03,10.55,0.04,7843,2026-06-19 11:30:00 IST,7952,2026-06-19 13:19:00 IST,CLOSED,BREAKEVEN,3.29,92.497,breakeven,tp1,13.2,13.2,26.4,39.6,6,2.0,12.0,78.4
1804d2c5-d308-4021-9a9a-5db35cfde88c,AUDCHFm,SELL,2026,Asia,A,0.5603,0.56086,0.55974,0.55918,0.55863,0.5603,-2.52,2.52,5.03,7.5,0.04,345,2026-06-12 05:48:00 IST,444,2026-06-12 07:27:00 IST,CLOSED,BREAKEVEN,1.52,0.5601,breakeven,tp1,5.6,5.6,11.2,16.7,6,1.0,13.0,82.7
ee8692a7-0227-4a03-a79a-608467bd757d,AUDCHFm,SELL,2026,Asia,B,0.56015,0.56071,0.55959,0.55903,0.55848,0.56015,-2.52,2.52,5.03,7.5,0.04,342,2026-06-12 05:45:00 IST,501,2026-06-12 08:24:00 IST,CLOSED,BREAKEVEN,1.52,0.55995,breakeven,tp1,5.6,5.6,11.2,16.7,6,1.0,13.0,97.7
f051a842-9655-44c5-b4ee-f3c14a889e4a,AUDCHFm,SELL,2026,Asia,C,0.5628,0.56336,0.56224,0.56168,0.56113,0.5628,-2.52,2.52,5.03,7.5,0.04,,,1638,2026-06-15 03:30:00 IST,CLOSED,CANCELLED,0.0,0.5628,expired_2_days,none,5.6,5.6,11.2,16.7,6,,13.0,77.7
7552ad43-2ba1-4a48-a8fa-54c15c727df7,AUDCHFm,SELL,2026,Asia,A,0.56166,0.56218,0.56114,0.56061,0.56009,0.56166,-2.34,2.34,4.72,7.05,0.04,1810,2026-06-15 06:22:00 IST,1880,2026-06-15 07:32:00 IST,CLOSED,LOSS,-2.08,0.56218,sl_hit,sl_hit,5.2,5.2,10.5,15.7,6,1.0,13.0,82.7
4921e806-5dcc-4dfb-9856-94c898363d79,AUDCHFm,SELL,2026,Asia,A,0.5618,0.56226,0.56134,0.56087,0.56041,0.5618,-2.07,2.07,4.18,6.24,0.04,3253,2026-06-16 06:29:00 IST,3285,2026-06-16 07:01:00 IST,CLOSED,BREAKEVEN,1.32,0.5616,breakeven,tp1,4.6,4.6,9.3,13.9,6,1.0,13.0,82.5
2d65aeb9-fe26-4d10-bc5c-648053424173,AUDCHFm,SELL,2026,Asia,C,0.56416,0.56468,0.56364,0.56311,0.56259,0.56416,-2.34,2.34,4.72,7.05,0.04,,,4511,2026-06-17 03:30:00 IST,CLOSED,CANCELLED,0.0,0.56416,expired_2_days,none,5.2,5.2,10.5,15.7,6,,13.0,77.7
85b1fe42-c7d9-41a1-9caa-2dc814a2402b,AUDCHFm,BUY,2026,Asia,A,0.56035,0.55993,0.56077,0.56119,0.5616,0.56035,-1.89,1.89,3.77,5.62,0.04,4650,2026-06-17 05:49:00 IST,4773,2026-06-17 07:52:00 IST,CLOSED,LOSS,-1.68,0.55993,sl_hit,sl_hit,4.2,4.2,8.4,12.5,6,1.0,13.0,82.4
2441c72c-ea5e-4016-b890-aa3f08863ba8,AUDCHFm,SELL,2026,Asia,C,0.5643,0.56476,0.56384,0.56337,0.56291,0.5643,-2.07,2.07,4.18,6.24,0.04,,,5947,2026-06-18 03:30:00 IST,CLOSED,CANCELLED,0.0,0.5643,expired_2_days,none,4.6,4.6,9.3,13.9,6,,13.0,77.5
d5928d6a-c71a-4d45-a000-308f205992c3,AUDCHFm,SELL,2026,Asia,A,0.56103,0.56145,0.56061,0.56019,0.55978,0.56103,-1.89,1.89,3.77,5.62,0.04,6121,2026-06-18 06:24:00 IST,6150,2026-06-18 06:53:00 IST,CLOSED,LOSS,-1.68,0.56145,sl_hit,sl_hit,4.2,4.2,8.4,12.5,6,1.0,13.0,82.4
f10c5239-bee9-40cf-a415-7ff0fcb994ad,AUDCHFm,SELL,2026,NewYork Open,C,0.56353,0.56395,0.56311,0.56269,0.56228,0.56353,-1.89,1.89,3.77,5.62,0.04,6782,2026-06-18 17:25:00 IST,6841,2026-06-18 18:24:00 IST,CLOSED,LOSS,-1.68,0.56395,sl_hit,sl_hit,4.2,4.2,8.4,12.5,6,1.0,13.0,77.4
0cc0b8a4-0dcd-4f20-8abf-643bf113365d,AUDCHFm,BUY,2026,Asia,C,0.55785,0.55743,0.55827,0.55869,0.5591,0.55785,-1.89,1.89,3.77,5.62,0.04,,,7383,2026-06-19 03:30:00 IST,CLOSED,CANCELLED,0.0,0.55785,expired_2_days,none,4.2,4.2,8.4,12.5,6,,13.0,77.4
b41f0ce9-363e-4de1-9b53-2205a4d52eaf,AUDCHFm,SELL,2026,London,A,0.56445,0.56511,0.56379,0.56313,0.56247,0.56445,-2.96,2.96,5.93,8.89,0.04,7863,2026-06-19 11:30:00 IST,7863,2026-06-19 11:30:00 IST,CLOSED,LOSS,-2.64,0.56511,sl_hit,sl_hit,6.6,6.6,13.2,19.8,6,2.0,13.0,82.9
cbae5796-7996-496f-a53c-3d9b776e7bac,AUDCHFm,SELL,2026,Asia,C,0.56695,0.56761,0.56629,0.56563,0.56497,0.56695,-2.96,2.96,5.93,8.89,0.04,,,8613,2026-06-20 00:00:00 IST,CLOSED,CANCELLED,0.0,0.56695,expired,none,6.6,6.6,13.2,19.8,6,,13.0,77.9
8da7761b-f1ae-4a9c-95d2-9ce575bdef3e,NZDCHFm,SELL,2026,Asia,A,0.46363,0.46408,0.46318,0.46273,0.46228,0.46363,-2.02,2.02,4.04,6.06,0.04,351,2026-06-12 05:58:00 IST,536,2026-06-12 09:03:00 IST,CLOSED,WIN,2.25,0.46318,tp1,tp2,4.5,4.5,9.0,13.5,6,1.0,12.0,82.5
0d36c191-8d2d-4aa6-abd0-c5fe0f6b1a66,NZDCHFm,SELL,2026,Asia,C,0.46613,0.46658,0.46568,0.46523,0.46478,0.46613,-2.02,2.02,4.04,6.06,0.04,,,1632,2026-06-15 03:30:00 IST,CLOSED,CANCELLED,0.0,0.46613,expired_2_days,none,4.5,4.5,9.0,13.5,6,,12.0,77.5
ad15626c-36f3-4617-a0e7-022eb36f167c,NZDCHFm,SELL,2026,Asia,A,0.46473,0.46513,0.46433,0.46393,0.46354,0.46473,-1.8,1.8,3.59,5.35,0.04,1787,2026-06-15 06:05:00 IST,1825,2026-06-15 06:43:00 IST,CLOSED,BREAKEVEN,1.2,0.46453,breakeven,tp1,4.0,4.0,8.0,11.9,6,1.0,12.0,82.4
4112e0e9-186e-401e-aec8-07aef2184594,NZDCHFm,BUY,2026,London,A,0.46287,0.46249,0.46325,0.46364,0.46402,0.46287,-1.71,1.71,3.46,5.17,0.04,3690,2026-06-16 13:53:00 IST,4003,2026-06-16 19:06:00 IST,CLOSED,WIN,1.91,0.46325,tp1,tp2,3.8,3.8,7.7,11.5,6,1.0,12.0,82.3
3397e800-8cfd-4e20-96fc-175a5cf8f6cd,NZDCHFm,SELL,2026,Asia,C,0.46723,0.46763,0.46683,0.46643,0.46604,0.46723,-1.8,1.8,3.59,5.35,0.04,,,4502,2026-06-17 03:30:00 IST,CLOSED,CANCELLED,0.0,0.46723,expired_2_days,none,4.0,4.0,8.0,11.9,6,,12.0,77.4
7b7e00d6-6e6a-4120-80b5-e955df856001,NZDCHFm,BUY,2026,London,C,0.46037,0.45999,0.46075,0.46114,0.46152,0.46037,-1.71,1.71,3.46,5.17,0.04,5059,2026-06-17 12:47:00 IST,5173,2026-06-17 14:41:00 IST,CLOSED,BREAKEVEN,1.16,0.46057,breakeven,tp1,3.8,3.8,7.7,11.5,6,1.0,12.0,77.3
b41a3f25-59f4-4e55-a986-5d5af910a983,NZDCHFm,SELL,2026,Asia,A,0.46153,0.46201,0.46105,0.46058,0.4601,0.46153,-2.16,2.16,4.27,6.42,0.04,6076,2026-06-18 05:49:00 IST,6138,2026-06-18 06:51:00 IST,CLOSED,LOSS,-1.92,0.46201,sl_hit,sl_hit,4.8,4.8,9.5,14.3,6,1.0,12.0,82.6
cef4cb11-a082-41d8-9e8f-ab79395eabf8,NZDCHFm,SELL,2026,Asia,A,0.46314,0.46362,0.46266,0.46219,0.46171,0.46314,-2.16,2.16,4.27,6.42,0.04,7563,2026-06-19 06:43:00 IST,7753,2026-06-19 09:53:00 IST,CLOSED,BREAKEVEN,1.36,0.46294,breakeven,tp1,4.8,4.8,9.5,14.3,6,2.0,12.0,82.6
09a9ae22-bb89-410a-ab83-bfa0f0ad4087,NZDCHFm,SELL,2026,Asia,C,0.46403,0.46451,0.46355,0.46308,0.4626,0.46403,-2.16,2.16,4.27,6.42,0.04,,,8600,2026-06-20 00:00:00 IST,CLOSED,CANCELLED,0.0,0.46403,expired,none,4.8,4.8,9.5,14.3,6,,12.0,77.6
2de02f2a-0f68-4392-8325-d31907a12c09,NZDCHFm,SELL,2026,Asia,C,0.46564,0.46612,0.46516,0.46469,0.46421,0.46564,-2.16,2.16,4.27,6.42,0.04,,,8600,2026-06-20 00:00:00 IST,CLOSED,CANCELLED,0.0,0.46564,expired,none,4.8,4.8,9.5,14.3,6,,12.0,77.6
