trade_id,pair,direction,year,session,entry_leg,entry_price,sl_price,tp1_price,tp2_price,tp3_price,entry,sl_usd,tp1_usd,tp2_usd,tp3_usd,lot,open_bar,open_time,close_bar,close_time,status,result,profit_usd,exit_price,exit_reason,sl_pips,tp1_pips,tp2_pips,tp3_pips,month,week_no,margin_used,score
4b69064b-2044-42c6-9c5c-73e33f5719b1,EURUSD,BUY,2026,Asia,A,1.17287,1.16969,1.17605,1.17924,1.18242,1.17287,-3.18,3.18,6.37,9.55,0.01,345,2026-05-01 05:45:00 IST,1384,2026-05-01 23:04:00 IST,CLOSED,BREAKEVEN,1.69,1.17307,SL_HIT,31.8,31.8,63.7,95.5,5,18,5.0,79.5
63d35eac-7aa8-485a-921b-9a5056d73178,EURUSD,BUY,2026,Asia,C,1.17037,1.16719,1.17355,1.17674,1.17992,1.17037,-3.18,3.18,6.37,9.55,0.01,345,2026-05-01 05:45:00 IST,1650,2026-05-04 03:30:00 IST,CLOSED,CANCELLED,0.0,1.17037,EXPIRED_2_DAYS,31.8,31.8,63.7,95.5,5,18,5.0,74.5
37ec545b-f3a7-442c-9220-0be243c887af,EURUSD,BUY,2026,Asia,A,1.17146,1.16822,1.1747,1.17793,1.18117,1.17146,-3.24,3.24,6.47,9.71,0.01,4665,2026-05-06 05:45:00 IST,5438,2026-05-06 18:38:00 IST,CLOSED,WIN,4.05,1.1747,SL_HIT,32.4,32.4,64.7,97.1,5,19,5.0,79.5
44c3a066-8c95-45b2-ae55-742a7aab4b04,EURUSD,BUY,2026,Asia,C,1.16896,1.16572,1.1722,1.17543,1.17867,1.16896,-3.24,3.24,6.47,9.71,0.01,4665,2026-05-06 05:45:00 IST,7410,2026-05-08 03:30:00 IST,CLOSED,CANCELLED,0.0,1.16896,EXPIRED_2_DAYS,32.4,32.4,64.7,97.1,5,19,5.0,74.5
e08fe514-cef8-4c9d-8900-66c3501bdd75,EURUSD,BUY,2026,Asia,A,1.17478,1.17106,1.1785,1.18222,1.18594,1.17478,-3.72,3.72,7.44,11.16,0.01,6105,2026-05-07 05:45:00 IST,8790,2026-05-11 02:30:00 IST,CLOSED,BREAKEVEN,1.96,1.17498,SL_HIT,37.2,37.2,74.4,111.6,5,19,5.0,79.6
5eddaf60-3e16-4e8f-8985-92107d9de9b7,EURUSD,BUY,2026,Asia,A,1.17784,1.17469,1.18099,1.18415,1.1873,1.17784,-3.15,3.15,6.31,9.46,0.01,10425,2026-05-12 05:45:00 IST,10832,2026-05-12 12:32:00 IST,CLOSED,LOSS,-3.15,1.17469,SL_HIT,31.5,31.5,63.1,94.6,5,20,5.0,79.4
0786c619-fc0c-4747-83da-4703e194cc41,EURUSD,BUY,2026,Asia,A,1.1767,1.17335,1.18005,1.1834,1.18675,1.1767,-3.35,3.35,6.7,10.05,0.01,8985,2026-05-11 05:45:00 IST,11210,2026-05-12 18:50:00 IST,CLOSED,LOSS,-3.35,1.17335,SL_HIT,33.5,33.5,67.0,100.5,5,20,5.0,79.5
94a13f3e-f723-4749-8965-0b4ab9167389,EURUSD,BUY,2026,Asia,C,1.17228,1.16856,1.176,1.17972,1.18344,1.17228,-3.72,3.72,7.44,11.16,0.01,7347,2026-05-08 02:27:00 IST,11327,2026-05-12 20:47:00 IST,CLOSED,BREAKEVEN,1.96,1.17248,SL_HIT,37.2,37.2,74.4,111.6,5,19,5.0,74.6
8a6572d4-e262-478b-a254-7d82b97de6b9,EURUSD,BUY,2026,Asia,C,1.17534,1.17219,1.17849,1.18165,1.1848,1.17534,-3.15,3.15,6.31,9.46,0.01,10722,2026-05-12 10:42:00 IST,11335,2026-05-12 20:55:00 IST,CLOSED,LOSS,-3.15,1.17219,SL_HIT,31.5,31.5,63.1,94.6,5,20,5.0,74.4
221f822f-5a2e-4719-8fa1-82b3a01c781e,EURUSD,BUY,2026,London,C,1.1742,1.17085,1.17755,1.1809,1.18425,1.1742,-3.35,3.35,6.7,10.05,0.01,10900,2026-05-12 13:40:00 IST,12324,2026-05-13 13:24:00 IST,CLOSED,LOSS,-3.35,1.17085,SL_HIT,33.5,33.5,67.0,100.5,5,20,5.0,74.5
a8992f85-5643-4fd0-830a-f90604643a1c,EURUSD,BUY,2026,Asia,A,1.1735,1.17006,1.17694,1.18039,1.18383,1.1735,-3.44,3.44,6.89,10.33,0.01,11865,2026-05-13 05:45:00 IST,12379,2026-05-13 14:19:00 IST,CLOSED,LOSS,-3.44,1.17006,SL_HIT,34.4,34.4,68.9,103.3,5,20,5.0,79.5
a5b5b6d3-be3c-4e9c-b53e-04c222b61f32,EURUSD,BUY,2026,Asia,A,1.17158,1.16876,1.1744,1.17723,1.18005,1.17158,-2.82,2.82,5.65,8.47,0.01,13305,2026-05-14 05:45:00 IST,14108,2026-05-14 19:08:00 IST,CLOSED,LOSS,-2.82,1.16876,SL_HIT,28.2,28.2,56.5,84.7,5,20,5.0,79.3
354a6e2b-d8a2-486d-9f9f-21022f854c85,EURUSD,BUY,2026,London,C,1.171,1.16756,1.17444,1.17789,1.18133,1.171,-3.44,3.44,6.89,10.33,0.01,12311,2026-05-13 13:11:00 IST,14190,2026-05-14 20:30:00 IST,CLOSED,LOSS,-3.44,1.16756,SL_HIT,34.4,34.4,68.9,103.3,5,20,5.0,74.5
59444fc8-6e4b-4cb4-9936-15d1c7de72d3,EURUSD,BUY,2026,London,C,1.16908,1.16626,1.1719,1.17473,1.17755,1.16908,-2.82,2.82,5.65,8.47,0.01,14105,2026-05-14 19:05:00 IST,14685,2026-05-15 04:45:00 IST,CLOSED,LOSS,-2.82,1.16626,SL_HIT,28.2,28.2,56.5,84.7,5,20,5.0,74.3
5e6a5d48-5b58-42e8-aa0a-af9581463c1e,EURUSD,BUY,2026,Asia,A,1.16547,1.16267,1.16827,1.17106,1.17386,1.16547,-2.8,2.8,5.59,8.39,0.01,17625,2026-05-19 05:45:00 IST,18102,2026-05-19 13:42:00 IST,CLOSED,LOSS,-2.8,1.16267,SL_HIT,28.0,28.0,55.9,83.9,5,21,5.0,79.3
c9e76811-4c1e-4942-870b-211869bdb6fc,EURUSD,BUY,2026,Asia,A,1.16136,1.15861,1.16411,1.16686,1.16961,1.16136,-2.75,2.75,5.5,8.25,0.01,16185,2026-05-18 05:45:00 IST,18163,2026-05-19 14:43:00 IST,CLOSED,BREAKEVEN,1.48,1.16156,SL_HIT,27.5,27.5,55.0,82.5,5,21,5.0,79.3
98ffde10-451e-49e9-9505-31ad1b6a1d58,EURUSD,BUY,2026,London,C,1.16297,1.16017,1.16577,1.16856,1.17136,1.16297,-2.8,2.8,5.59,8.39,0.01,18037,2026-05-19 12:37:00 IST,18422,2026-05-19 19:02:00 IST,CLOSED,LOSS,-2.8,1.16017,SL_HIT,28.0,28.0,55.9,83.9,5,21,5.0,74.3
51ddfc3a-5444-45bd-bbd0-b85e8ffa5179,EURUSD,BUY,2026,Asia,C,1.15886,1.15611,1.16161,1.16436,1.16711,1.15886,-2.75,2.75,5.5,8.25,0.01,16185,2026-05-18 05:45:00 IST,18930,2026-05-20 03:30:00 IST,CLOSED,CANCELLED,0.0,1.15886,EXPIRED_2_DAYS,27.5,27.5,55.0,82.5,5,21,5.0,74.3
616a318b-7dcd-44f7-b669-8f64370912b6,EURUSD,BUY,2026,London,C,1.15817,1.15533,1.16101,1.16384,1.16668,1.15817,-2.84,2.84,5.67,8.51,0.01,19901,2026-05-20 19:41:00 IST,20925,2026-05-21 12:45:00 IST,CLOSED,WIN,3.55,1.16101,SL_HIT,28.4,28.4,56.7,85.1,5,21,5.0,74.3
eccb3e91-b0b3-423e-803b-9ea06c0c693b,EURUSD,BUY,2026,Asia,A,1.16067,1.15783,1.16351,1.16634,1.16918,1.16067,-2.84,2.84,5.67,8.51,0.01,19065,2026-05-20 05:45:00 IST,20926,2026-05-21 12:46:00 IST,CLOSED,BREAKEVEN,1.52,1.16087,SL_HIT,28.4,28.4,56.7,85.1,5,21,5.0,79.3
756075e5-f542-4d80-85e0-9a92e57e7dc6,EURUSD,BUY,2026,Asia,A,1.16245,1.15944,1.16546,1.16846,1.17147,1.16245,-3.01,3.01,6.01,9.02,0.01,20505,2026-05-21 05:45:00 IST,20935,2026-05-21 12:55:00 IST,CLOSED,LOSS,-3.01,1.15944,SL_HIT,30.1,30.1,60.1,90.2,5,21,5.0,79.4
a58d62ba-2937-42b8-bfc1-c4f2ea2a306e,EURUSD,BUY,2026,London,C,1.15995,1.15694,1.16296,1.16596,1.16897,1.15995,-3.01,3.01,6.01,9.02,0.01,20929,2026-05-21 12:49:00 IST,21129,2026-05-21 16:09:00 IST,CLOSED,BREAKEVEN,1.6,1.16015,SL_HIT,30.1,30.1,60.1,90.2,5,21,5.0,74.4
955ef816-79bd-4ebf-ad37-2d1334c9d273,EURUSD,BUY,2026,Asia,A,1.16178,1.15875,1.16481,1.16784,1.17088,1.16178,-3.03,3.03,6.06,9.1,0.01,21945,2026-05-22 05:45:00 IST,25643,2026-05-26 19:23:00 IST,CLOSED,BREAKEVEN,1.61,1.16198,SL_HIT,30.3,30.3,60.6,91.0,5,21,5.0,79.4
7c4492b4-a9e8-4525-93a9-70bd68ac1fc1,EURUSD,BUY,2026,Asia,A,1.16363,1.16154,1.16572,1.16782,1.16991,1.16363,-2.09,2.09,4.19,6.28,0.01,26265,2026-05-27 05:45:00 IST,27084,2026-05-27 19:24:00 IST,CLOSED,BREAKEVEN,1.15,1.16383,SL_HIT,20.9,20.9,41.9,62.8,5,22,5.0,79.0
f3aa136a-20ee-47c2-8a95-629ee5e8d4ca,EURUSD,BUY,2026,Asia,A,1.16357,1.16106,1.16608,1.16859,1.1711,1.16357,-2.51,2.51,5.02,7.53,0.01,24825,2026-05-26 05:45:00 IST,27086,2026-05-27 19:26:00 IST,CLOSED,BREAKEVEN,1.36,1.16377,SL_HIT,25.1,25.1,50.2,75.3,5,22,5.0,79.2
9e0ed0ba-30b6-4395-946c-1aedba480740,EURUSD,BUY,2026,London,C,1.15928,1.15625,1.16231,1.16534,1.16838,1.15928,-3.03,3.03,6.06,9.1,0.01,22771,2026-05-22 19:31:00 IST,27150,2026-05-27 20:30:00 IST,CLOSED,WIN,3.78,1.16231,SL_HIT,30.3,30.3,60.6,91.0,5,21,5.0,74.4
8d8ca412-481e-4504-82d7-f401f73730c5,EURUSD,BUY,2026,Asia,C,1.16107,1.15856,1.16358,1.16609,1.1686,1.16107,-2.51,2.51,5.02,7.53,0.01,24825,2026-05-26 05:45:00 IST,27570,2026-05-28 03:30:00 IST,CLOSED,CANCELLED,0.0,1.16107,EXPIRED_2_DAYS,25.1,25.1,50.2,75.3,5,22,5.0,74.2
6c25e4cc-535e-4ee4-ae48-6e65f5ce62fc,EURUSD,BUY,2026,London,C,1.16167,1.15886,1.16448,1.16729,1.1701,1.16167,-2.81,2.81,5.62,8.43,0.01,25746,2026-05-26 21:06:00 IST,27681,2026-05-28 05:21:00 IST,CLOSED,BREAKEVEN,1.5,1.16187,SL_HIT,28.1,28.1,56.2,84.3,5,22,5.0,74.3
5eae6571-c105-42ee-babf-3dd2f85a6e64,EURUSD,BUY,2026,Asia,A,1.16417,1.16136,1.16698,1.16979,1.1726,1.16417,-2.81,2.81,5.62,8.43,0.01,23385,2026-05-25 05:45:00 IST,27795,2026-05-28 07:15:00 IST,CLOSED,LOSS,-2.81,1.16136,SL_HIT,28.1,28.1,56.2,84.3,5,22,5.0,79.3
952860b2-0dad-4382-b404-9e23f509c511,EURUSD,BUY,2026,Asia,A,1.16173,1.15988,1.16358,1.16543,1.16727,1.16173,-1.85,1.85,3.7,5.54,0.01,27705,2026-05-28 05:45:00 IST,27902,2026-05-28 09:02:00 IST,CLOSED,LOSS,-1.85,1.15988,SL_HIT,18.5,18.5,37.0,55.4,5,22,5.0,78.9
c8419d20-2b73-4f4d-afe9-3bda16fcb831,EURUSD,BUY,2026,Asia,C,1.16113,1.15904,1.16322,1.16532,1.16741,1.16113,-2.09,2.09,4.19,6.28,0.01,27805,2026-05-28 07:25:00 IST,27920,2026-05-28 09:20:00 IST,CLOSED,LOSS,-2.09,1.15904,SL_HIT,20.9,20.9,41.9,62.8,5,22,5.0,74.0
731a2e44-f563-45a1-b974-0c71ace1d3bd,EURUSD,BUY,2026,Asia,C,1.15923,1.15738,1.16108,1.16293,1.16477,1.15923,-1.85,1.85,3.7,5.54,0.01,27917,2026-05-28 09:17:00 IST,28543,2026-05-28 19:43:00 IST,CLOSED,WIN,3.24,1.16477,TP3_HIT,18.5,18.5,37.0,55.4,5,22,5.0,73.9
7fded79e-0040-4cd5-8705-042441634a76,GBPUSD,BUY,2026,Asia,A,1.35807,1.35334,1.3628,1.36752,1.37225,1.35807,-4.73,4.73,9.45,14.18,0.01,1785,2026-05-04 05:45:00 IST,2378,2026-05-04 15:38:00 IST,CLOSED,LOSS,-4.73,1.35334,SL_HIT,47.3,47.3,94.5,141.8,5,19,5.0,79.9
09d99bcd-70cd-4472-a20b-b9bcb0d37b6c,GBPUSD,BUY,2026,Asia,A,1.35676,1.35203,1.36149,1.36622,1.37095,1.35676,-4.73,4.73,9.46,14.19,0.01,4665,2026-05-06 05:45:00 IST,7146,2026-05-07 23:06:00 IST,CLOSED,BREAKEVEN,2.47,1.35696,SL_HIT,47.3,47.3,94.6,141.9,5,19,5.0,79.9
2d57b9ac-ac60-472a-885e-bbe5a5582685,GBPUSD,BUY,2026,London,C,1.35557,1.35084,1.3603,1.36502,1.36975,1.35557,-4.73,4.73,9.45,14.18,0.01,2372,2026-05-04 15:32:00 IST,7327,2026-05-08 02:07:00 IST,CLOSED,BREAKEVEN,2.47,1.35577,SL_HIT,47.3,47.3,94.5,141.8,5,19,5.0,74.9
e7d60da1-3f9c-484f-b7c1-ee08b1467233,GBPUSD,BUY,2026,Asia,C,1.35426,1.34953,1.35899,1.36372,1.36845,1.35426,-4.73,4.73,9.46,14.19,0.01,4665,2026-05-06 05:45:00 IST,7410,2026-05-08 03:30:00 IST,CLOSED,CANCELLED,0.0,1.35426,EXPIRED_2_DAYS,47.3,47.3,94.6,141.9,5,19,5.0,74.9
2363a86e-bdbd-4474-bcce-cc7921d2a0ec,GBPUSD,BUY,2026,Asia,C,1.35658,1.35158,1.36158,1.36658,1.37158,1.35658,-5.0,5.0,10.0,15.0,0.01,7287,2026-05-08 01:27:00 IST,8790,2026-05-11 02:30:00 IST,CLOSED,BREAKEVEN,2.6,1.35678,SL_HIT,50.0,50.0,100.0,150.0,5,19,5.0,75.0
eb4ad0fe-0998-44db-8ebc-4ff56388bf26,GBPUSD,BUY,2026,Asia,A,1.35936,1.35494,1.36378,1.36821,1.37263,1.35936,-4.42,4.42,8.85,13.27,0.01,8985,2026-05-11 05:45:00 IST,10467,2026-05-12 06:27:00 IST,CLOSED,BREAKEVEN,2.31,1.35956,SL_HIT,44.2,44.2,88.5,132.7,5,20,5.0,79.9
236c0184-821b-4e7d-b0ed-51bcadc84835,GBPUSD,BUY,2026,Asia,A,1.35908,1.35408,1.36408,1.36908,1.37408,1.35908,-5.0,5.0,10.0,15.0,0.01,6105,2026-05-07 05:45:00 IST,10469,2026-05-12 06:29:00 IST,CLOSED,BREAKEVEN,2.6,1.35928,SL_HIT,50.0,50.0,100.0,150.0,5,19,5.0,80.0
73d3625c-0796-4a40-bbe2-e3e7332d0053,GBPUSD,BUY,2026,Asia,A,1.36039,1.35582,1.36496,1.36952,1.37409,1.36039,-4.57,4.57,9.13,13.7,0.01,10425,2026-05-12 05:45:00 IST,10801,2026-05-12 12:01:00 IST,CLOSED,LOSS,-4.57,1.35582,SL_HIT,45.7,45.7,91.3,137.0,5,20,5.0,79.9
3a511661-9628-497c-9f0c-2a8f7d1cd573,GBPUSD,BUY,2026,Asia,C,1.35789,1.35332,1.36246,1.36702,1.37159,1.35789,-4.57,4.57,9.13,13.7,0.01,10721,2026-05-12 10:41:00 IST,10837,2026-05-12 12:37:00 IST,CLOSED,LOSS,-4.57,1.35332,SL_HIT,45.7,45.7,91.3,137.0,5,20,5.0,74.9
2b080cb3-1ada-4728-901c-cd2e9f604f84,GBPUSD,BUY,2026,Asia,C,1.35686,1.35244,1.36128,1.36571,1.37013,1.35686,-4.42,4.42,8.85,13.27,0.01,10761,2026-05-12 11:21:00 IST,10873,2026-05-12 13:13:00 IST,CLOSED,LOSS,-4.42,1.35244,SL_HIT,44.2,44.2,88.5,132.7,5,20,5.0,74.9
a71d1c3b-c51b-429e-a42f-af8ee9aa35fb,GBPUSD,BUY,2026,Asia,A,1.35349,1.34849,1.35849,1.36349,1.36849,1.35349,-5.0,5.0,10.0,15.0,0.01,11865,2026-05-13 05:45:00 IST,12600,2026-05-13 18:00:00 IST,CLOSED,LOSS,-5.0,1.34849,SL_HIT,50.0,50.0,100.0,150.0,5,20,5.0,80.0
1cd1a3b1-3ec5-4b26-8987-7fa7f4662aae,GBPUSD,BUY,2026,London,C,1.35099,1.34599,1.35599,1.36099,1.36599,1.35099,-5.0,5.0,10.0,15.0,0.01,12426,2026-05-13 15:06:00 IST,14262,2026-05-14 21:43:00 IST,CLOSED,LOSS,-5.0,1.34599,SL_HIT,50.0,50.0,100.0,150.0,5,20,5.0,75.0
bf3e5ae2-0ef9-4f25-aff3-2ddc6b73de75,GBPUSD,SELL,2026,Asia,A,1.35264,1.35721,1.34807,1.34349,1.33892,1.35264,-4.57,4.57,9.15,13.72,0.01,13304,2026-05-14 05:45:00 IST,14678,2026-05-15 04:39:00 IST,CLOSED,WIN,8.0,1.33892,TP3_HIT,45.7,45.7,91.5,137.2,5,20,5.0,79.9
844bf8ee-1b54-4f00-89df-0d4f125c01de,GBPUSD,SELL,2026,Asia,C,1.35514,1.35971,1.35057,1.34599,1.34142,1.35514,-4.57,4.57,9.15,13.72,0.01,13304,2026-05-14 05:45:00 IST,16049,2026-05-18 03:30:00 IST,CLOSED,CANCELLED,0.0,1.35514,EXPIRED_2_DAYS,45.7,45.7,91.5,137.2,5,20,5.0,74.9
e5142616-1eaf-4c68-90f6-83b8a5453196,GBPUSD,BUY,2026,Asia,C,1.32841,1.32341,1.33341,1.33841,1.34341,1.32841,-5.0,5.0,10.0,15.0,0.01,16184,2026-05-18 05:45:00 IST,18929,2026-05-20 03:30:00 IST,CLOSED,CANCELLED,0.0,1.32841,EXPIRED_2_DAYS,50.0,50.0,100.0,150.0,5,21,5.0,75.0
93ef4290-31ba-440f-91bf-84918a91a8ce,GBPUSD,SELL,2026,Asia,A,1.34309,1.34809,1.33809,1.33309,1.32809,1.34309,-5.0,5.0,10.0,15.0,0.01,17624,2026-05-19 05:45:00 IST,19906,2026-05-20 19:47:00 IST,CLOSED,BREAKEVEN,2.6,1.34289,SL_HIT,50.0,50.0,100.0,150.0,5,21,5.0,80.0
f23c3e4c-acc5-4a08-9378-edf8606ceb73,GBPUSD,BUY,2026,Asia,A,1.33091,1.32591,1.33591,1.34091,1.34591,1.33091,-5.0,5.0,10.0,15.0,0.01,16184,2026-05-18 05:45:00 IST,19965,2026-05-20 20:46:00 IST,CLOSED,WIN,8.75,1.34591,TP3_HIT,50.0,50.0,100.0,150.0,5,21,5.0,80.0
082d0d58-7d83-4bde-a3bf-007d8e5b6c9c,GBPUSD,BUY,2026,Asia,A,1.33952,1.33452,1.34452,1.34952,1.35452,1.33952,-5.0,5.0,10.0,15.0,0.01,19064,2026-05-20 05:45:00 IST,21309,2026-05-21 19:10:00 IST,CLOSED,BREAKEVEN,2.6,1.33972,SL_HIT,50.0,50.0,100.0,150.0,5,21,5.0,80.0
862ae76f-1fe7-412d-9241-b581d749afe9,GBPUSD,BUY,2026,Asia,C,1.33702,1.33202,1.34202,1.34702,1.35202,1.33702,-5.0,5.0,10.0,15.0,0.01,19064,2026-05-20 05:45:00 IST,21809,2026-05-22 03:30:00 IST,CLOSED,CANCELLED,0.0,1.33702,EXPIRED_2_DAYS,50.0,50.0,100.0,150.0,5,21,5.0,75.0
1d394166-1b12-4584-90bf-247c1a608ace,GBPUSD,SELL,2026,London,C,1.34559,1.35059,1.34059,1.33559,1.33059,1.34559,-5.0,5.0,10.0,15.0,0.01,19964,2026-05-20 20:45:00 IST,22718,2026-05-22 18:39:00 IST,CLOSED,BREAKEVEN,2.6,1.34539,SL_HIT,50.0,50.0,100.0,150.0,5,21,5.0,75.0
872c0c68-04c5-4e1d-90ba-e3698adaef06,GBPUSD,BUY,2026,Asia,C,1.34067,1.3362,1.34514,1.34961,1.35408,1.34067,-4.47,4.47,8.94,13.41,0.01,21944,2026-05-22 05:45:00 IST,23249,2026-05-25 03:30:00 IST,CLOSED,CANCELLED,0.0,1.34067,EXPIRED_2_DAYS,44.7,44.7,89.4,134.1,5,21,5.0,74.9
397bc6a9-2caa-4d3e-a5e9-bd3f9d8a7fce,GBPUSD,BUY,2026,Asia,A,1.34953,1.3463,1.35276,1.35599,1.35921,1.34953,-3.23,3.23,6.46,9.68,0.01,24824,2026-05-26 05:45:00 IST,25621,2026-05-26 19:02:00 IST,CLOSED,LOSS,-3.23,1.3463,SL_HIT,32.3,32.3,64.6,96.8,5,22,5.0,79.5
59106a65-e373-4a67-8723-4b9d95903bc7,GBPUSD,BUY,2026,Asia,A,1.34807,1.344,1.35214,1.35621,1.36029,1.34807,-4.07,4.07,8.14,12.22,0.01,23384,2026-05-25 05:45:00 IST,25726,2026-05-26 20:47:00 IST,CLOSED,LOSS,-4.07,1.344,SL_HIT,40.7,40.7,81.4,122.2,5,22,5.0,79.7
d6472eef-ff18-4a5c-9edd-6513a7733983,GBPUSD,BUY,2026,London,C,1.34703,1.3438,1.35026,1.35349,1.35671,1.34703,-3.23,3.23,6.46,9.68,0.01,25233,2026-05-26 12:34:00 IST,25726,2026-05-26 20:47:00 IST,CLOSED,LOSS,-3.23,1.3438,SL_HIT,32.3,32.3,64.6,96.8,5,22,5.0,74.5
2cb5550c-291a-4e94-809a-e7392be7ce39,GBPUSD,BUY,2026,Asia,A,1.34317,1.3387,1.34764,1.35211,1.35658,1.34317,-4.47,4.47,8.94,13.41,0.01,21944,2026-05-22 05:45:00 IST,26962,2026-05-27 17:23:00 IST,CLOSED,BREAKEVEN,2.33,1.34337,SL_HIT,44.7,44.7,89.4,134.1,5,21,5.0,79.9
81d1d79d-4cca-4672-ae76-35ce2c58a80b,GBPUSD,BUY,2026,Asia,A,1.34543,1.34209,1.34877,1.35212,1.35546,1.34543,-3.34,3.34,6.69,10.03,0.01,26264,2026-05-27 05:45:00 IST,27146,2026-05-27 20:27:00 IST,CLOSED,LOSS,-3.34,1.34209,SL_HIT,33.4,33.4,66.9,100.3,5,22,5.0,79.5
0d4969e1-0f5b-4918-9772-2c0e95c40d3c,GBPUSD,BUY,2026,London,C,1.34557,1.3415,1.34964,1.35371,1.35779,1.34557,-4.07,4.07,8.14,12.22,0.01,25702,2026-05-26 20:23:00 IST,27510,2026-05-28 02:31:00 IST,CLOSED,LOSS,-4.07,1.3415,SL_HIT,40.7,40.7,81.4,122.2,5,22,5.0,74.7
1031d40a-62d5-4184-b7f1-9b659cb073a5,GBPUSD,BUY,2026,London,C,1.34293,1.33959,1.34627,1.34962,1.35296,1.34293,-3.34,3.34,6.69,10.03,0.01,27143,2026-05-27 20:24:00 IST,27880,2026-05-28 08:41:00 IST,CLOSED,LOSS,-3.34,1.33959,SL_HIT,33.4,33.4,66.9,100.3,5,22,5.0,74.5
b0429c8a-9c69-41d6-9295-a725e91e2d8c,GBPUSD,BUY,2026,Asia,A,1.34436,1.34127,1.34745,1.35054,1.35363,1.34436,-3.09,3.09,6.18,9.27,0.01,29144,2026-05-29 05:45:00 IST,29659,2026-05-29 14:20:00 IST,CLOSED,LOSS,-3.09,1.34127,SL_HIT,30.9,30.9,61.8,92.7,5,22,5.0,79.4
da2385f9-0538-4a80-b854-547c78581a26,GBPUSD,BUY,2026,London,C,1.34186,1.33877,1.34495,1.34804,1.35113,1.34186,-3.09,3.09,6.18,9.27,0.01,29588,2026-05-29 13:09:00 IST,30388,2026-05-30 02:29:00 IST,CLOSED,WIN,3.86,1.34495,SL_HIT,30.9,30.9,61.8,92.7,5,22,5.0,74.4
b48a3baf-fe0f-42a8-877e-cbc3e472fcc4,USDJPY,BUY,2026,Asia,A,156.989,156.489,157.489,157.989,158.489,156.989,-3.18,3.18,6.37,9.55,0.01,345,2026-05-01 05:45:00 IST,735,2026-05-01 12:15:00 IST,CLOSED,LOSS,-3.18,156.489,SL_HIT,50.0,50.0,100.0,150.0,5,18,5.0,80.0
be2174a4-a039-4d0c-985b-af4e4b9e6f77,USDJPY,BUY,2026,Asia,C,156.739,156.239,157.239,157.739,158.239,156.739,-3.19,3.19,6.38,9.57,0.01,735,2026-05-01 12:15:00 IST,736,2026-05-01 12:16:00 IST,CLOSED,LOSS,-3.19,156.239,SL_HIT,50.0,50.0,100.0,150.0,5,18,5.0,75.0
8ff34edb-12b0-4c9b-b0ea-25b24b128d49,USDJPY,BUY,2026,Asia,A,156.52,156.02,157.02,157.52,158.02,156.52,-3.19,3.19,6.39,9.58,0.01,6105,2026-05-07 05:45:00 IST,10765,2026-05-12 11:25:00 IST,CLOSED,WIN,4.0,157.02,SL_HIT,50.0,50.0,100.0,150.0,5,19,5.0,80.0
817359e6-7077-4bd6-a3f1-4eac6b9712a5,USDJPY,BUY,2026,Asia,A,156.849,156.349,157.349,157.849,158.349,156.849,-3.19,3.19,6.38,9.56,0.01,7545,2026-05-08 05:45:00 IST,10765,2026-05-12 11:25:00 IST,CLOSED,BREAKEVEN,1.65,156.869,SL_HIT,50.0,50.0,100.0,150.0,5,19,5.0,80.0
a0abc129-7e26-410a-9086-27a934ef2f5a,USDJPY,BUY,2026,London,C,156.599,156.099,157.099,157.599,158.099,156.599,-3.19,3.19,6.39,9.58,0.01,8283,2026-05-08 18:03:00 IST,10765,2026-05-12 11:25:00 IST,CLOSED,WIN,4.0,157.099,SL_HIT,50.0,50.0,100.0,150.0,5,19,5.0,75.0
61234f43-5d1f-45e4-8f65-a581aefd77c0,USDJPY,BUY,2026,Asia,A,156.864,156.364,157.364,157.864,158.364,156.864,-3.19,3.19,6.37,9.56,0.01,8985,2026-05-11 05:45:00 IST,10765,2026-05-12 11:25:00 IST,CLOSED,BREAKEVEN,1.65,156.884,SL_HIT,50.0,50.0,100.0,150.0,5,20,5.0,80.0
5c5a183e-4037-453e-b926-8a7083a7c7f7,USDJPY,BUY,2026,Asia,A,157.239,156.739,157.739,158.239,158.739,157.239,-3.18,3.18,6.36,9.54,0.01,10425,2026-05-12 05:45:00 IST,10765,2026-05-12 11:25:00 IST,CLOSED,BREAKEVEN,1.65,157.259,SL_HIT,50.0,50.0,100.0,150.0,5,20,5.0,80.0
8397e855-38ce-4b74-89cd-72d544f7aea4,USDJPY,BUY,2026,Asia,C,156.27,155.77,156.77,157.27,157.77,156.27,-3.2,3.2,6.4,9.6,0.01,6105,2026-05-07 05:45:00 IST,10766,2026-05-12 11:26:00 IST,CLOSED,WIN,4.0,156.77,SL_HIT,50.0,50.0,100.0,150.0,5,19,5.0,75.0
2e78bebc-abf8-42cb-a1c8-1cd2d282b857,USDJPY,BUY,2026,Asia,C,156.989,156.489,157.489,157.989,158.489,156.989,-3.18,3.18,6.37,9.55,0.01,10765,2026-05-12 11:25:00 IST,10766,2026-05-12 11:26:00 IST,CLOSED,BREAKEVEN,1.65,157.009,SL_HIT,50.0,50.0,100.0,150.0,5,20,5.0,75.0
ca186642-ba28-491d-b752-df0667b20d55,USDJPY,BUY,2026,Asia,C,156.614,156.114,157.114,157.614,158.114,156.614,-3.19,3.19,6.39,9.58,0.01,8985,2026-05-11 05:45:00 IST,11730,2026-05-13 03:30:00 IST,CLOSED,CANCELLED,0.0,156.614,EXPIRED_2_DAYS,50.0,50.0,100.0,150.0,5,20,5.0,75.0
3233f9fc-0c00-4752-abb1-7887493f7de4,USDJPY,BUY,2026,Asia,C,157.605,157.2267,157.9833,158.3616,158.7399,157.605,-2.4,2.4,4.8,7.2,0.01,13535,2026-05-14 09:35:00 IST,14114,2026-05-14 19:14:00 IST,CLOSED,BREAKEVEN,1.26,157.625,SL_HIT,37.8,37.8,75.7,113.5,5,20,5.0,74.7
6f75d6e1-97d6-4ad7-bfcb-bb5a19e82a6e,USDJPY,BUY,2026,Asia,A,157.855,157.4767,158.2333,158.6116,158.9899,157.855,-2.39,2.39,4.8,7.19,0.01,13305,2026-05-14 05:45:00 IST,14115,2026-05-14 19:15:00 IST,CLOSED,LOSS,-2.4,157.4767,SL_HIT,37.8,37.8,75.7,113.5,5,20,5.0,79.7
7c296766-c746-4992-afdb-8323bb115b0c,USDJPY,BUY,2026,Asia,C,158.13,157.7335,158.5265,158.923,159.3195,158.13,-2.51,2.51,5.01,7.53,0.01,14745,2026-05-15 05:45:00 IST,16049,2026-05-18 03:30:00 IST,CLOSED,CANCELLED,0.0,158.13,EXPIRED_2_DAYS,39.7,39.7,79.3,119.0,5,20,5.0,74.7
8d6b82fc-7580-4478-84e7-43d68b4d8e35,USDJPY,BUY,2026,London,C,157.42,156.92,157.92,158.42,158.92,157.42,-3.18,3.18,6.35,9.53,0.01,14115,2026-05-14 19:15:00 IST,16223,2026-05-18 06:24:00 IST,CLOSED,WIN,5.56,158.92,TP3_HIT,50.0,50.0,100.0,150.0,5,20,5.0,75.0
5cd17009-9ccd-4f75-a347-4998003493f7,USDJPY,BUY,2026,Asia,A,157.67,157.17,158.17,158.67,159.17,157.67,-3.17,3.17,6.34,9.51,0.01,11865,2026-05-13 05:45:00 IST,18166,2026-05-19 14:47:00 IST,CLOSED,WIN,5.56,159.17,TP3_HIT,50.0,50.0,100.0,150.0,5,20,5.0,80.0
e88f1e28-5bd3-40e4-82db-19d91d470f4d,USDJPY,BUY,2026,Asia,A,158.38,157.9835,158.7765,159.173,159.5695,158.38,-2.51,2.51,5.01,7.51,0.01,14745,2026-05-15 05:45:00 IST,18370,2026-05-19 18:11:00 IST,CLOSED,WIN,3.13,158.7765,SL_HIT,39.7,39.7,79.3,119.0,5,20,5.0,79.7
d86c2ab1-ebd3-4a99-b130-e9a41505b5a8,USDJPY,BUY,2026,Asia,A,158.869,158.4989,159.2391,159.6092,159.9793,158.869,-2.33,2.33,4.66,6.99,0.01,17624,2026-05-19 05:45:00 IST,18582,2026-05-19 21:43:00 IST,CLOSED,BREAKEVEN,1.22,158.889,SL_HIT,37.0,37.0,74.0,111.0,5,21,5.0,79.6
efc299ca-5142-4c9a-bc17-09fe3c9c49ef,USDJPY,BUY,2026,Asia,C,158.602,158.2015,159.0025,159.403,159.8035,158.602,-2.52,2.52,5.05,7.58,0.01,16184,2026-05-18 05:45:00 IST,18929,2026-05-20 03:30:00 IST,CLOSED,CANCELLED,0.0,158.602,EXPIRED_2_DAYS,40.0,40.0,80.1,120.2,5,21,5.0,74.7
7193488d-330a-459f-8501-e90e94f9bc5d,USDJPY,BUY,2026,Asia,A,159.043,158.7161,159.3699,159.6968,160.0237,159.043,-2.06,2.06,4.11,6.17,0.01,19064,2026-05-20 05:45:00 IST,19964,2026-05-20 20:45:00 IST,CLOSED,LOSS,-2.06,158.7161,SL_HIT,32.7,32.7,65.4,98.1,5,21,5.0,79.5
1c04c527-989d-489c-b5ea-6e894de2ba22,USDJPY,BUY,2026,Asia,A,158.852,158.4515,159.2525,159.653,160.0535,158.852,-2.52,2.52,5.04,7.57,0.01,16184,2026-05-18 05:45:00 IST,21555,2026-05-21 23:16:00 IST,CLOSED,BREAKEVEN,1.32,158.872,SL_HIT,40.0,40.0,80.1,120.2,5,21,5.0,79.7
798146a3-e20b-4f3d-baf4-406f8defd65c,USDJPY,BUY,2026,London,C,158.793,158.4661,159.1199,159.4468,159.7737,158.793,-2.06,2.06,4.12,6.18,0.01,19941,2026-05-20 20:22:00 IST,23189,2026-05-25 02:30:00 IST,CLOSED,BREAKEVEN,1.09,158.813,SL_HIT,32.7,32.7,65.4,98.1,5,21,5.0,74.5
b701112c-d2ee-4181-9727-534ab906151f,USDJPY,BUY,2026,Asia,C,158.704,158.4401,158.9679,159.2318,159.4957,158.704,-1.66,1.66,3.33,4.99,0.01,23384,2026-05-25 05:45:00 IST,26129,2026-05-27 03:30:00 IST,CLOSED,CANCELLED,0.0,158.704,EXPIRED_2_DAYS,26.4,26.4,52.8,79.2,5,22,5.0,74.3
7367de86-ccab-42bc-89ea-53a3f69a6315,USDJPY,BUY,2026,Asia,C,158.775,158.4886,159.0614,159.3478,159.6342,158.775,-1.8,1.8,3.61,5.41,0.01,23189,2026-05-25 02:30:00 IST,27916,2026-05-28 09:17:00 IST,CLOSED,WIN,3.15,159.6342,TP3_HIT,28.6,28.6,57.3,85.9,5,21,5.0,74.3
84607959-9795-4748-a853-98efb12f4380,USDJPY,BUY,2026,Asia,A,159.025,158.7386,159.3114,159.5978,159.8842,159.025,-1.8,1.8,3.6,5.4,0.01,21944,2026-05-22 05:45:00 IST,28542,2026-05-28 19:43:00 IST,CLOSED,WIN,2.25,159.3114,SL_HIT,28.6,28.6,57.3,85.9,5,21,5.0,79.3
db553a68-ac11-47d9-9872-3b6c60510c1f,USDJPY,BUY,2026,Asia,A,158.954,158.6901,159.2179,159.4818,159.7457,158.954,-1.66,1.66,3.32,4.98,0.01,23384,2026-05-25 05:45:00 IST,28542,2026-05-28 19:43:00 IST,CLOSED,WIN,2.08,159.2179,SL_HIT,26.4,26.4,52.8,79.2,5,22,5.0,79.3
5e36a0e3-4055-4a79-bc1e-0ffbd1fb7f0b,USDJPY,BUY,2026,Asia,A,159.25,159.0148,159.4852,159.7204,159.9556,159.25,-1.48,1.48,2.95,4.43,0.01,26264,2026-05-27 05:45:00 IST,28542,2026-05-28 19:43:00 IST,CLOSED,BREAKEVEN,0.8,159.27,SL_HIT,23.5,23.5,47.0,70.6,5,22,5.0,79.2
d75ca8ba-b293-4321-864f-6972ee9b5275,USDJPY,BUY,2026,Asia,C,159.0,158.7648,159.2352,159.4704,159.7056,159.0,-1.48,1.48,2.96,4.44,0.01,26264,2026-05-27 05:45:00 IST,29009,2026-05-29 03:30:00 IST,CLOSED,CANCELLED,0.0,159.0,EXPIRED_2_DAYS,23.5,23.5,47.0,70.6,5,22,5.0,74.2
af5eecf5-2557-4650-92f6-27f9cf34fa4d,USDJPY,BUY,2026,London,C,158.619,158.2489,158.9891,159.3592,159.7293,158.619,-2.33,2.33,4.67,7.0,0.01,19965,2026-05-20 20:46:00 IST,30388,2026-05-30 02:29:00 IST,CLOSED,EXPIRED,1.04,159.277,SESSION_END,37.0,37.0,74.0,111.0,5,21,5.0,74.6
cee82fba-e791-4a60-b1c9-2e3240c370af,USDJPY,BUY,2026,Asia,A,159.27,159.0522,159.4878,159.7056,159.9234,159.27,-1.37,1.37,2.74,4.1,0.01,29144,2026-05-29 05:45:00 IST,30388,2026-05-30 02:29:00 IST,CLOSED,EXPIRED,0.04,159.277,SESSION_END,21.8,21.8,43.6,65.3,5,22,5.0,79.1
9ca7d5fb-4757-4c96-916d-7ff4b2f67631,USDJPY,BUY,2026,Asia,C,159.02,158.8022,159.2378,159.4556,159.6734,159.02,-1.37,1.37,2.74,4.11,0.01,29144,2026-05-29 05:45:00 IST,30388,2026-05-30 02:29:00 IST,CLOSED,CANCELLED,0.0,159.02,EXPIRED,21.8,21.8,43.6,65.3,5,22,5.0,74.1
a84ba5c2-b7b5-4d04-8ea1-30752efff598,GBPJPY,BUY,2026,Asia,A,213.532,213.032,214.032,214.532,215.032,213.532,-2.34,2.34,4.68,7.02,0.01,345,2026-05-01 05:45:00 IST,734,2026-05-01 12:14:00 IST,CLOSED,BREAKEVEN,1.22,213.552,SL_HIT,50.0,50.0,100.0,150.0,5,18,5.0,80.0
de981e1f-8ab3-4096-b6a4-e12b6815275e,GBPJPY,BUY,2026,Asia,C,213.282,212.782,213.782,214.282,214.782,213.282,-2.34,2.34,4.69,7.03,0.01,735,2026-05-01 12:15:00 IST,735,2026-05-01 12:15:00 IST,CLOSED,LOSS,-2.34,212.782,SL_HIT,50.0,50.0,100.0,150.0,5,18,5.0,75.0
1d7c1d63-68cf-4915-b8ee-c4b0491f6368,GBPJPY,BUY,2026,Asia,A,213.083,212.583,213.583,214.083,214.583,213.083,-2.35,2.35,4.69,7.04,0.01,1785,2026-05-04 05:45:00 IST,1995,2026-05-04 09:15:00 IST,CLOSED,BREAKEVEN,1.22,213.103,SL_HIT,50.0,50.0,100.0,150.0,5,19,5.0,80.0
35d03faa-35d3-46c4-a37c-cab1f54bd9f5,GBPJPY,BUY,2026,Asia,C,212.833,212.333,213.333,213.833,214.333,212.833,-2.35,2.35,4.7,7.05,0.01,1847,2026-05-04 06:47:00 IST,1995,2026-05-04 09:15:00 IST,CLOSED,BREAKEVEN,1.22,212.853,SL_HIT,50.0,50.0,100.0,150.0,5,19,5.0,75.0
c414c45c-2dfa-43b7-bda9-02c97b805753,GBPJPY,SELL,2026,Asia,C,214.179,214.679,213.679,213.179,212.679,214.179,-2.33,2.33,4.67,7.0,0.01,4834,2026-05-06 08:36:00 IST,4919,2026-05-06 10:01:00 IST,CLOSED,WIN,4.09,212.679,TP3_HIT,50.0,50.0,100.0,150.0,5,19,5.0,75.0
4413b513-145d-49ee-8984-7f1e79ed4b61,GBPJPY,SELL,2026,Asia,A,213.929,214.429,213.429,212.929,212.429,213.929,-2.34,2.34,4.67,7.01,0.01,4663,2026-05-06 05:45:00 IST,4920,2026-05-06 10:02:00 IST,CLOSED,WIN,4.09,212.429,TP3_HIT,50.0,50.0,100.0,150.0,5,19,5.0,80.0
8f4612a3-7639-44f6-a04d-4000e7f15444,GBPJPY,BUY,2026,Asia,C,212.474,211.974,212.974,213.474,213.974,212.474,-2.35,2.35,4.71,7.06,0.01,6103,2026-05-07 05:45:00 IST,7352,2026-05-08 02:34:00 IST,CLOSED,BREAKEVEN,1.23,212.494,SL_HIT,50.0,50.0,100.0,150.0,5,19,5.0,75.0
9967aa19-66b0-47de-8f7e-0729d6afe304,GBPJPY,BUY,2026,Asia,A,212.724,212.224,213.224,213.724,214.224,212.724,-2.35,2.35,4.7,7.05,0.01,6103,2026-05-07 05:45:00 IST,8788,2026-05-11 02:30:00 IST,CLOSED,BREAKEVEN,1.23,212.744,SL_HIT,50.0,50.0,100.0,150.0,5,19,5.0,80.0
2dcc7149-6249-4ca6-8032-6092e2528ccf,GBPJPY,BUY,2026,Asia,A,212.61,212.11,213.11,213.61,214.11,212.61,-2.35,2.35,4.7,7.06,0.01,7543,2026-05-08 05:45:00 IST,8788,2026-05-11 02:30:00 IST,CLOSED,WIN,2.95,213.11,SL_HIT,50.0,50.0,100.0,150.0,5,19,5.0,80.0
674b7063-4b16-4091-a63b-a2a88ca3a078,GBPJPY,BUY,2026,Asia,C,212.36,211.86,212.86,213.36,213.86,212.36,-2.35,2.35,4.71,7.06,0.01,8788,2026-05-11 02:30:00 IST,9661,2026-05-11 17:03:00 IST,CLOSED,WIN,4.13,213.86,TP3_HIT,50.0,50.0,100.0,150.0,5,19,5.0,75.0
16105bc4-1ac3-4e4e-ba41-ec58ea47df37,GBPJPY,BUY,2026,Asia,A,213.24,212.74,213.74,214.24,214.74,213.24,-2.34,2.34,4.69,7.03,0.01,8983,2026-05-11 05:45:00 IST,10228,2026-05-12 02:30:00 IST,CLOSED,WIN,2.93,213.74,SL_HIT,50.0,50.0,100.0,150.0,5,20,5.0,80.0
3020cf05-aecd-4003-8e37-bd544d6dcf8c,GBPJPY,BUY,2026,Asia,C,212.99,212.49,213.49,213.99,214.49,212.99,-2.35,2.35,4.7,7.04,0.01,10763,2026-05-12 11:25:00 IST,10764,2026-05-12 11:26:00 IST,CLOSED,WIN,2.93,213.49,SL_HIT,50.0,50.0,100.0,150.0,5,20,5.0,75.0
908fa618-7dd6-454d-932e-713907eca984,GBPJPY,SELL,2026,Asia,A,213.903,214.403,213.403,212.903,212.403,213.903,-2.34,2.34,4.68,7.01,0.01,10423,2026-05-12 05:45:00 IST,10764,2026-05-12 11:26:00 IST,CLOSED,WIN,2.92,213.403,SL_HIT,50.0,50.0,100.0,150.0,5,20,5.0,80.0
66dea308-b14a-4758-9fb7-277b7de2ea1a,GBPJPY,SELL,2026,Asia,C,214.153,214.653,213.653,213.153,212.653,214.153,-2.33,2.33,4.67,7.0,0.01,10562,2026-05-12 08:04:00 IST,10766,2026-05-12 11:28:00 IST,CLOSED,WIN,2.92,213.653,SL_HIT,50.0,50.0,100.0,150.0,5,20,5.0,75.0
2f6faf9b-7c5a-42c6-bbac-46b05f275d29,GBPJPY,BUY,2026,Asia,A,213.408,212.908,213.908,214.408,214.908,213.408,-2.34,2.34,4.69,7.03,0.01,11863,2026-05-13 05:45:00 IST,12598,2026-05-13 18:00:00 IST,CLOSED,LOSS,-2.34,212.908,SL_HIT,50.0,50.0,100.0,150.0,5,20,5.0,80.0
c3e912d7-a2f8-4962-aba4-dce5776e4064,GBPJPY,BUY,2026,London,C,213.158,212.658,213.658,214.158,214.658,213.158,-2.35,2.35,4.69,7.04,0.01,12460,2026-05-13 15:42:00 IST,13533,2026-05-14 09:35:00 IST,CLOSED,BREAKEVEN,1.22,213.178,SL_HIT,50.0,50.0,100.0,150.0,5,20,5.0,75.0
1ca07c30-b29c-4e5b-8b04-327931e160c1,GBPJPY,SELL,2026,Asia,A,213.526,214.026,213.026,212.526,212.026,213.526,-2.34,2.34,4.68,7.02,0.01,13303,2026-05-14 05:45:00 IST,14114,2026-05-14 19:16:00 IST,CLOSED,WIN,2.93,213.026,SL_HIT,50.0,50.0,100.0,150.0,5,20,5.0,80.0
c05731fc-c7a0-4d93-9f9d-1561cd98508e,GBPJPY,BUY,2026,Asia,A,212.08,211.58,212.58,213.08,213.58,212.08,-2.36,2.36,4.72,7.07,0.01,14743,2026-05-15 05:45:00 IST,15106,2026-05-15 11:48:00 IST,CLOSED,LOSS,-2.36,211.58,SL_HIT,50.0,50.0,100.0,150.0,5,20,5.0,80.0
2aab3a99-4327-4328-8a5e-659140ecdbc8,GBPJPY,BUY,2026,Asia,C,211.83,211.33,212.33,212.83,213.33,211.83,-2.36,2.36,4.72,7.08,0.01,14818,2026-05-15 07:00:00 IST,15285,2026-05-15 14:47:00 IST,CLOSED,LOSS,-2.36,211.33,SL_HIT,50.0,50.0,100.0,150.0,5,20,5.0,75.0
5232a434-576b-4aa7-b202-fbe3fa2ee11d,GBPJPY,SELL,2026,Asia,C,213.776,214.276,213.276,212.776,212.276,213.776,-2.34,2.34,4.68,7.02,0.01,13303,2026-05-14 05:45:00 IST,16048,2026-05-18 03:30:00 IST,CLOSED,CANCELLED,0.0,213.776,EXPIRED_2_DAYS,50.0,50.0,100.0,150.0,5,20,5.0,75.0
43709d56-08db-491d-bc19-0b93c0095a46,GBPJPY,BUY,2026,Asia,A,211.417,210.917,211.917,212.417,212.917,211.417,-2.36,2.36,4.73,7.09,0.01,16183,2026-05-18 05:45:00 IST,17104,2026-05-18 21:06:00 IST,CLOSED,WIN,4.13,212.917,TP3_HIT,50.0,50.0,100.0,150.0,5,21,5.0,80.0
99801abf-9974-4076-887b-08fb029830d9,GBPJPY,BUY,2026,Asia,C,211.167,210.667,211.667,212.167,212.667,211.167,-2.37,2.37,4.74,7.1,0.01,16183,2026-05-18 05:45:00 IST,18928,2026-05-20 03:30:00 IST,CLOSED,CANCELLED,0.0,211.167,EXPIRED_2_DAYS,50.0,50.0,100.0,150.0,5,21,5.0,75.0
0193e5c6-fa46-465e-9b8a-4020c5d65e39,GBPJPY,BUY,2026,Asia,C,212.794,212.294,213.294,213.794,214.294,212.794,-2.35,2.35,4.7,7.05,0.01,19149,2026-05-20 07:11:00 IST,21422,2026-05-21 21:04:00 IST,CLOSED,WIN,2.93,213.294,SL_HIT,50.0,50.0,100.0,150.0,5,21,5.0,75.0
5ad8ada3-884d-4afe-b09a-fd256ad989e0,GBPJPY,BUY,2026,Asia,C,213.334,212.834,213.834,214.334,214.834,213.334,-2.34,2.34,4.69,7.03,0.01,21943,2026-05-22 05:45:00 IST,23248,2026-05-25 03:30:00 IST,CLOSED,CANCELLED,0.0,213.334,EXPIRED_2_DAYS,50.0,50.0,100.0,150.0,5,21,5.0,75.0
94e46fdf-8e7f-4ff5-b834-022ec5df1f1a,GBPJPY,BUY,2026,Asia,A,213.044,212.544,213.544,214.044,214.544,213.044,-2.35,2.35,4.69,7.04,0.01,19063,2026-05-20 05:45:00 IST,24065,2026-05-25 17:07:00 IST,CLOSED,WIN,4.1,214.544,TP3_HIT,50.0,50.0,100.0,150.0,5,21,5.0,80.0
8df16258-3b34-4c9f-b634-fab5a0fce84a,GBPJPY,BUY,2026,Asia,A,213.584,213.084,214.084,214.584,215.084,213.584,-2.34,2.34,4.68,7.02,0.01,21943,2026-05-22 05:45:00 IST,25732,2026-05-26 20:54:00 IST,CLOSED,WIN,2.93,214.084,SL_HIT,50.0,50.0,100.0,150.0,5,21,5.0,80.0
dbfc517a-b467-442e-a96f-139de0adcb06,GBPJPY,BUY,2026,Asia,A,214.517,214.0863,214.9477,215.3784,215.8091,214.517,-2.01,2.01,4.01,6.02,0.01,24823,2026-05-26 05:45:00 IST,25732,2026-05-26 20:54:00 IST,CLOSED,LOSS,-2.01,214.0863,SL_HIT,43.1,43.1,86.1,129.2,5,22,5.0,79.8
0294f34d-fe85-4675-a8db-74a3c7a61126,GBPJPY,BUY,2026,Asia,C,214.267,213.8363,214.6977,215.1284,215.5591,214.267,-2.01,2.01,4.02,6.03,0.01,25155,2026-05-26 11:17:00 IST,27510,2026-05-28 02:32:00 IST,CLOSED,LOSS,-2.01,213.8363,SL_HIT,43.1,43.1,86.1,129.2,5,22,5.0,74.8
dfe4f6f8-2c3b-4db4-8f6e-1870c2081629,GBPJPY,BUY,2026,Asia,A,214.284,213.784,214.784,215.284,215.784,214.284,-2.33,2.33,4.67,7.0,0.01,23383,2026-05-25 05:45:00 IST,27877,2026-05-28 08:39:00 IST,CLOSED,LOSS,-2.33,213.784,SL_HIT,50.0,50.0,100.0,150.0,5,22,5.0,80.0
535b0d07-d150-4936-8541-626ca6c9b6ad,GBPJPY,BUY,2026,Asia,A,214.074,213.7193,214.4287,214.7834,215.1381,214.074,-1.66,1.66,3.31,4.97,0.01,27703,2026-05-28 05:45:00 IST,27882,2026-05-28 08:44:00 IST,CLOSED,LOSS,-1.66,213.7193,SL_HIT,35.5,35.5,70.9,106.4,5,22,5.0,79.6
3459e6d5-d1b7-4be7-bb44-10cb6e41fae6,GBPJPY,BUY,2026,Asia,C,214.034,213.534,214.534,215.034,215.534,214.034,-2.34,2.34,4.67,7.01,0.01,26068,2026-05-27 02:30:00 IST,27910,2026-05-28 09:12:00 IST,CLOSED,LOSS,-2.34,213.534,SL_HIT,50.0,50.0,100.0,150.0,5,22,5.0,75.0
b7278f8e-cb82-4c4b-8975-c3862b76c28b,GBPJPY,BUY,2026,Asia,C,213.824,213.4693,214.1787,214.5334,214.8881,213.824,-1.66,1.66,3.32,4.98,0.01,27806,2026-05-28 07:28:00 IST,27916,2026-05-28 09:18:00 IST,CLOSED,LOSS,-1.66,213.4693,SL_HIT,35.5,35.5,70.9,106.4,5,22,5.0,74.6
352a138d-447f-458a-8dc0-2c7b23dfea80,GBPJPY,BUY,2026,Asia,A,214.118,213.7289,214.5071,214.8962,215.2853,214.118,-1.82,1.82,3.63,5.45,0.01,29143,2026-05-29 05:45:00 IST,29614,2026-05-29 13:36:00 IST,CLOSED,LOSS,-1.82,213.7289,SL_HIT,38.9,38.9,77.8,116.7,5,22,5.0,79.7
052c34b2-c740-47f8-b884-342664ef6af9,GBPJPY,BUY,2026,London,C,213.868,213.4789,214.2571,214.6462,215.0353,213.868,-1.82,1.82,3.64,5.46,0.01,29561,2026-05-29 12:43:00 IST,30387,2026-05-30 02:29:00 IST,CLOSED,EXPIRED,1.1,214.339,SESSION_END,38.9,38.9,77.8,116.7,5,22,5.0,74.7
4df78355-bd25-48f7-b7fe-0879d08a4704,EURJPY,BUY,2026,Asia,A,184.153,183.653,184.653,185.153,185.653,184.153,-2.72,2.72,5.43,8.15,0.01,345,2026-05-01 05:45:00 IST,735,2026-05-01 12:15:00 IST,CLOSED,LOSS,-2.72,183.653,SL_HIT,50.0,50.0,100.0,150.0,5,18,5.0,80.0
04d21d17-3d27-4837-b9c2-3b99af9acb7c,EURJPY,BUY,2026,Asia,C,183.903,183.403,184.403,184.903,185.403,183.903,-2.72,2.72,5.44,8.16,0.01,735,2026-05-01 12:15:00 IST,736,2026-05-01 12:16:00 IST,CLOSED,LOSS,-2.72,183.403,SL_HIT,50.0,50.0,100.0,150.0,5,18,5.0,75.0
99eed6f5-07f0-434f-8be7-45735390fc4d,EURJPY,SELL,2026,Asia,C,184.965,185.465,184.465,183.965,183.465,184.965,-2.7,2.7,5.41,8.11,0.01,4836,2026-05-06 08:36:00 IST,4922,2026-05-06 10:02:00 IST,CLOSED,WIN,4.73,183.465,TP3_HIT,50.0,50.0,100.0,150.0,5,19,5.0,75.0
42d7aa19-0456-4ac0-adba-29fe0b29be6e,EURJPY,SELL,2026,Asia,A,184.715,185.215,184.215,183.715,183.215,184.715,-2.71,2.71,5.41,8.12,0.01,4665,2026-05-06 05:45:00 IST,4925,2026-05-06 10:05:00 IST,CLOSED,WIN,4.73,183.215,TP3_HIT,50.0,50.0,100.0,150.0,5,19,5.0,80.0
457eaa96-7bac-4dbb-951f-b72b0425bbf2,EURJPY,BUY,2026,Asia,A,183.878,183.378,184.378,184.878,185.378,183.878,-2.72,2.72,5.44,8.16,0.01,6104,2026-05-07 05:45:00 IST,8789,2026-05-11 02:30:00 IST,CLOSED,BREAKEVEN,1.41,183.898,SL_HIT,50.0,50.0,100.0,150.0,5,19,5.0,80.0
140ccd09-0d67-429e-b264-88649f24564e,EURJPY,BUY,2026,Asia,C,183.628,183.128,184.128,184.628,185.128,183.628,-2.72,2.72,5.45,8.17,0.01,6104,2026-05-07 05:45:00 IST,8789,2026-05-11 02:30:00 IST,CLOSED,WIN,3.4,184.128,SL_HIT,50.0,50.0,100.0,150.0,5,19,5.0,75.0
14abab97-3dd5-4ac8-9d16-fd9d6830405d,EURJPY,BUY,2026,Asia,A,183.991,183.491,184.491,184.991,185.491,183.991,-2.72,2.72,5.44,8.15,0.01,7544,2026-05-08 05:45:00 IST,8789,2026-05-11 02:30:00 IST,CLOSED,BREAKEVEN,1.41,184.011,SL_HIT,50.0,50.0,100.0,150.0,5,19,5.0,80.0
5f7a0506-a0fa-42eb-9e18-0873efe8070e,EURJPY,BUY,2026,Asia,C,183.741,183.241,184.241,184.741,185.241,183.741,-2.72,2.72,5.44,8.16,0.01,8789,2026-05-11 02:30:00 IST,10202,2026-05-12 02:03:00 IST,CLOSED,WIN,4.76,185.241,TP3_HIT,50.0,50.0,100.0,150.0,5,19,5.0,75.0
3e3d70e7-724a-465c-bbe9-c5f70132a228,EURJPY,BUY,2026,Asia,A,184.585,184.085,185.085,185.585,186.085,184.585,-2.71,2.71,5.42,8.13,0.01,8984,2026-05-11 05:45:00 IST,10764,2026-05-12 11:25:00 IST,CLOSED,BREAKEVEN,1.4,184.605,SL_HIT,50.0,50.0,100.0,150.0,5,20,5.0,80.0
fb632f26-16c8-4220-bd40-498aac823034,EURJPY,BUY,2026,Asia,C,184.335,183.835,184.835,185.335,185.835,184.335,-2.71,2.71,5.42,8.14,0.01,8984,2026-05-11 05:45:00 IST,11729,2026-05-13 03:30:00 IST,CLOSED,CANCELLED,0.0,184.335,EXPIRED_2_DAYS,50.0,50.0,100.0,150.0,5,20,5.0,75.0
f5dd41b7-260e-47a5-a23d-2778367de7be,EURJPY,BUY,2026,Asia,A,185.023,184.523,185.523,186.023,186.523,185.023,-2.7,2.7,5.4,8.11,0.01,11864,2026-05-13 05:45:00 IST,14113,2026-05-14 19:14:00 IST,CLOSED,LOSS,-2.7,184.523,SL_HIT,50.0,50.0,100.0,150.0,5,20,5.0,80.0
3daad79b-30e5-4cda-9be2-f2c15ee6e890,EURJPY,BUY,2026,London,C,184.773,184.273,185.273,185.773,186.273,184.773,-2.71,2.71,5.41,8.12,0.01,12298,2026-05-13 12:59:00 IST,14113,2026-05-14 19:14:00 IST,CLOSED,LOSS,-2.71,184.273,SL_HIT,50.0,50.0,100.0,150.0,5,20,5.0,75.0
e147557d-ff11-4328-93e9-2c77d4a62d52,EURJPY,BUY,2026,Asia,A,184.696,184.196,185.196,185.696,186.196,184.696,-2.71,2.71,5.41,8.12,0.01,14744,2026-05-15 05:45:00 IST,15288,2026-05-15 14:49:00 IST,CLOSED,LOSS,-2.71,184.196,SL_HIT,50.0,50.0,100.0,150.0,5,20,5.0,80.0
2e1640cc-c641-4829-907d-532cd6a128d7,EURJPY,BUY,2026,Asia,C,184.446,183.946,184.946,185.446,185.946,184.446,-2.71,2.71,5.42,8.13,0.01,15132,2026-05-15 12:13:00 IST,18370,2026-05-19 18:11:00 IST,CLOSED,BREAKEVEN,1.41,184.466,SL_HIT,50.0,50.0,100.0,150.0,5,20,5.0,75.0
2bd397bb-da77-4a52-acef-4a41a338dc6d,EURJPY,BUY,2026,Asia,A,184.484,184.0111,184.9569,185.4298,185.9027,184.484,-2.56,2.56,5.13,7.69,0.01,16184,2026-05-18 05:45:00 IST,18370,2026-05-19 18:11:00 IST,CLOSED,BREAKEVEN,1.33,184.504,SL_HIT,47.3,47.3,94.6,141.9,5,21,5.0,79.9
20e0f03f-9d15-4407-99e8-cc521325d1e4,EURJPY,BUY,2026,Asia,A,185.157,184.7336,185.5804,186.0038,186.4272,185.157,-2.28,2.28,4.57,6.86,0.01,17624,2026-05-19 05:45:00 IST,18370,2026-05-19 18:11:00 IST,CLOSED,LOSS,-2.29,184.7336,SL_HIT,42.3,42.3,84.7,127.0,5,21,5.0,79.8
1785ba75-8d31-42f6-9391-6ed0c463191c,EURJPY,BUY,2026,London,C,184.907,184.4836,185.3304,185.7538,186.1772,184.907,-2.29,2.29,4.58,6.87,0.01,18159,2026-05-19 14:40:00 IST,18370,2026-05-19 18:11:00 IST,CLOSED,LOSS,-2.29,184.4836,SL_HIT,42.3,42.3,84.7,127.0,5,21,5.0,74.8
aceb50f5-a1b7-4a8d-9242-3fc02fc1290b,EURJPY,BUY,2026,London,C,184.451,184.0303,184.8717,185.2924,185.7131,184.451,-2.28,2.28,4.56,6.84,0.01,20934,2026-05-21 12:55:00 IST,21302,2026-05-21 19:03:00 IST,CLOSED,BREAKEVEN,1.19,184.471,SL_HIT,42.1,42.1,84.1,126.2,5,21,5.0,74.8
acd1cb0f-c6a1-44ea-996d-6b98c92ff960,EURJPY,BUY,2026,Asia,C,184.799,184.4493,185.1487,185.4984,185.8481,184.799,-1.89,1.89,3.78,5.68,0.01,23384,2026-05-25 05:45:00 IST,26129,2026-05-27 03:30:00 IST,CLOSED,CANCELLED,0.0,184.799,EXPIRED_2_DAYS,35.0,35.0,69.9,104.9,5,22,5.0,74.6
6d03ad1e-0d88-4bc9-abe5-738758124f45,EURJPY,BUY,2026,Asia,C,184.345,183.9233,184.7667,185.1884,185.6101,184.345,-2.29,2.29,4.57,6.86,0.01,19192,2026-05-20 07:53:00 IST,26669,2026-05-27 12:30:00 IST,CLOSED,WIN,4.0,185.6101,TP3_HIT,42.2,42.2,84.3,126.5,5,21,5.0,74.8
93fb5df0-ab20-4bb5-9144-b319449000c8,EURJPY,BUY,2026,London,C,184.5,184.1249,184.8751,185.2502,185.6253,184.5,-2.03,2.03,4.07,6.1,0.01,22591,2026-05-22 16:32:00 IST,26750,2026-05-27 13:51:00 IST,CLOSED,WIN,3.56,185.6253,TP3_HIT,37.5,37.5,75.0,112.5,5,21,5.0,74.6
854497d2-58c7-443b-bd52-bea8d2825441,EURJPY,BUY,2026,NewYork,C,184.234,183.7611,184.7069,185.1798,185.6527,184.234,-2.57,2.57,5.13,7.7,0.01,18583,2026-05-19 21:44:00 IST,26751,2026-05-27 13:52:00 IST,CLOSED,WIN,4.49,185.6527,TP3_HIT,47.3,47.3,94.6,141.9,5,21,5.0,74.9
c6c51ad0-eae9-4133-a4a2-06f4fd8b4148,EURJPY,BUY,2026,Asia,A,185.049,184.6993,185.3987,185.7484,186.0981,185.049,-1.89,1.89,3.78,5.67,0.01,23384,2026-05-25 05:45:00 IST,27509,2026-05-28 02:30:00 IST,CLOSED,WIN,2.35,185.3987,SL_HIT,35.0,35.0,69.9,104.9,5,22,5.0,79.6
77aa3e8f-d93b-40c6-a533-17cda2e150c4,EURJPY,BUY,2026,Asia,C,184.708,184.4175,184.9985,185.289,185.5795,184.708,-1.58,1.58,3.15,4.72,0.01,24824,2026-05-26 05:45:00 IST,27569,2026-05-28 03:30:00 IST,CLOSED,CANCELLED,0.0,184.708,EXPIRED_2_DAYS,29.1,29.1,58.1,87.1,5,22,5.0,74.4
1beb176a-e988-40ab-8132-0645b0e80301,EURJPY,BUY,2026,Asia,A,184.958,184.6675,185.2485,185.539,185.8295,184.958,-1.57,1.57,3.14,4.71,0.01,24824,2026-05-26 05:45:00 IST,27879,2026-05-28 08:40:00 IST,CLOSED,WIN,1.97,185.2485,SL_HIT,29.1,29.1,58.1,87.1,5,22,5.0,79.4
e5951436-9a1f-4801-a106-e26168c0a8f1,EURJPY,BUY,2026,Asia,A,184.701,184.2803,185.1217,185.5424,185.9631,184.701,-2.28,2.28,4.55,6.83,0.01,20504,2026-05-21 05:45:00 IST,27899,2026-05-28 09:00:00 IST,CLOSED,WIN,2.85,185.1217,SL_HIT,42.1,42.1,84.1,126.2,5,21,5.0,79.8
68ec2ae8-a6f9-40e4-b6c4-d27857646edf,EURJPY,BUY,2026,Asia,A,184.75,184.3749,185.1251,185.5002,185.8753,184.75,-2.03,2.03,4.06,6.09,0.01,21944,2026-05-22 05:45:00 IST,27899,2026-05-28 09:00:00 IST,CLOSED,WIN,2.55,185.1251,SL_HIT,37.5,37.5,75.0,112.5,5,21,5.0,79.6
a87003ac-66d1-40f5-9925-2e575b513a85,EURJPY,BUY,2026,Asia,A,185.379,185.1169,185.6411,185.9032,186.1653,185.379,-1.41,1.41,2.83,4.24,0.01,27704,2026-05-28 05:45:00 IST,27899,2026-05-28 09:00:00 IST,CLOSED,LOSS,-1.41,185.1169,SL_HIT,26.2,26.2,52.4,78.6,5,22,5.0,79.3
c6ab42ca-491e-409a-bebf-286b1bada0ff,EURJPY,BUY,2026,Asia,A,184.595,184.1733,185.0167,185.4384,185.8601,184.595,-2.29,2.29,4.57,6.85,0.01,19064,2026-05-20 05:45:00 IST,27924,2026-05-28 09:25:00 IST,CLOSED,WIN,2.85,185.0167,SL_HIT,42.2,42.2,84.3,126.5,5,21,5.0,79.8
8880a81b-6452-4cae-abf3-6eba6363aa2f,EURJPY,BUY,2026,Asia,C,185.129,184.8669,185.3911,185.6532,185.9153,185.129,-1.42,1.42,2.83,4.25,0.01,27898,2026-05-28 08:59:00 IST,28949,2026-05-29 02:30:00 IST,CLOSED,WIN,1.77,185.3911,SL_HIT,26.2,26.2,52.4,78.6,5,22,5.0,74.3
91dc78fa-5239-4108-a4f1-d3789b1bdcb7,EURJPY,BUY,2026,Asia,A,185.589,185.305,185.873,186.157,186.441,185.589,-1.53,1.53,3.06,4.59,0.01,29144,2026-05-29 05:45:00 IST,29615,2026-05-29 13:36:00 IST,CLOSED,LOSS,-1.53,185.305,SL_HIT,28.4,28.4,56.8,85.2,5,22,5.0,79.3
50261020-1cdf-42ab-94d8-6f46a04acf82,EURJPY,BUY,2026,London,C,185.339,185.055,185.623,185.907,186.191,185.339,-1.53,1.53,3.06,4.6,0.01,29609,2026-05-29 13:30:00 IST,30388,2026-05-30 02:29:00 IST,CLOSED,EXPIRED,0.52,185.727,SESSION_END,28.4,28.4,56.8,85.2,5,22,5.0,74.3
c142b75d-f86a-4166-9146-c0208379c653,USDCAD,BUY,2026,Asia,C,1.35626,1.35266,1.35986,1.36346,1.36706,1.35626,-3.6,3.6,7.2,10.8,0.01,1785,2026-05-04 05:45:00 IST,4530,2026-05-06 03:30:00 IST,CLOSED,CANCELLED,0.0,1.35626,EXPIRED_2_DAYS,36.0,36.0,72.0,108.0,5,19,5.0,74.6
23419183-9855-449d-84ca-bbc5c8ce9b5d,USDCAD,BUY,2026,London,C,1.35549,1.3518,1.35918,1.36286,1.36655,1.35549,-3.69,3.69,7.37,11.06,0.01,1071,2026-05-01 17:51:00 IST,4926,2026-05-06 10:06:00 IST,CLOSED,WIN,4.6,1.35918,SL_HIT,36.9,36.9,73.7,110.6,5,18,5.0,74.6
63c2549a-62ac-4abc-aba5-daca3a96f868,USDCAD,BUY,2026,Asia,A,1.35876,1.35516,1.36236,1.36596,1.36956,1.35876,-3.6,3.6,7.2,10.8,0.01,1785,2026-05-04 05:45:00 IST,4930,2026-05-06 10:10:00 IST,CLOSED,BREAKEVEN,1.9,1.35896,SL_HIT,36.0,36.0,72.0,108.0,5,19,5.0,79.6
88953711-2be6-4bb7-93fb-2a86c81fa234,USDCAD,BUY,2026,Asia,A,1.35799,1.3543,1.36168,1.36536,1.36905,1.35799,-3.69,3.69,7.37,11.06,0.01,345,2026-05-01 05:45:00 IST,5182,2026-05-06 14:22:00 IST,CLOSED,BREAKEVEN,1.94,1.35819,SL_HIT,36.9,36.9,73.7,110.6,5,18,5.0,79.6
878fabde-d184-45bf-bce7-09c10c000368,USDCAD,BUY,2026,London,C,1.35793,1.35522,1.36064,1.36335,1.36606,1.35793,-2.71,2.71,5.42,8.13,0.01,5183,2026-05-06 14:23:00 IST,7346,2026-05-08 02:26:00 IST,CLOSED,WIN,4.73,1.36606,TP3_HIT,27.1,27.1,54.2,81.3,5,19,5.0,74.3
33c50817-c0fe-4e72-8d13-1e3d8528e4af,USDCAD,BUY,2026,Asia,A,1.36043,1.35772,1.36314,1.36585,1.36856,1.36043,-2.71,2.71,5.42,8.13,0.01,4665,2026-05-06 05:45:00 IST,8287,2026-05-08 18:07:00 IST,CLOSED,WIN,4.73,1.36856,TP3_HIT,27.1,27.1,54.2,81.3,5,19,5.0,79.3
14bc0ee2-2353-472d-a8de-71886f77e2d7,USDCAD,BUY,2026,Asia,A,1.36609,1.3638,1.36838,1.37066,1.37295,1.36609,-2.29,2.29,4.57,6.86,0.01,7545,2026-05-08 05:45:00 IST,8466,2026-05-08 21:06:00 IST,CLOSED,WIN,2.85,1.36838,SL_HIT,22.9,22.9,45.7,68.6,5,19,5.0,79.1
c86fda53-6100-4651-86e6-1c7fc9b61b57,USDCAD,BUY,2026,Asia,C,1.36359,1.3613,1.36588,1.36816,1.37045,1.36359,-2.29,2.29,4.57,6.86,0.01,7545,2026-05-08 05:45:00 IST,8850,2026-05-11 03:30:00 IST,CLOSED,CANCELLED,0.0,1.36359,EXPIRED_2_DAYS,22.9,22.9,45.7,68.6,5,19,5.0,74.1
a09838e3-9d45-4e4c-b908-b8d6137a1f8d,USDCAD,BUY,2026,Asia,C,1.36538,1.36288,1.36788,1.37038,1.37288,1.36538,-2.5,2.5,5.0,7.5,0.01,10425,2026-05-12 05:45:00 IST,13170,2026-05-14 03:30:00 IST,CLOSED,CANCELLED,0.0,1.36538,EXPIRED_2_DAYS,25.0,25.0,50.0,75.0,5,20,5.0,74.2
541ecf60-93b1-4909-a6ad-59f0a03b5a9f,USDCAD,BUY,2026,Asia,C,1.36727,1.36447,1.37007,1.37286,1.37566,1.36727,-2.8,2.8,5.59,8.39,0.01,11865,2026-05-13 05:45:00 IST,14610,2026-05-15 03:30:00 IST,CLOSED,CANCELLED,0.0,1.36727,EXPIRED_2_DAYS,28.0,28.0,55.9,83.9,5,20,5.0,74.3
a65c23fc-cd92-49b7-b32d-b3fc36432a32,USDCAD,BUY,2026,Asia,A,1.36788,1.36538,1.37038,1.37288,1.37538,1.36788,-2.5,2.5,5.0,7.5,0.01,10425,2026-05-12 05:45:00 IST,15037,2026-05-15 10:37:00 IST,CLOSED,WIN,4.38,1.37538,TP3_HIT,25.0,25.0,50.0,75.0,5,20,5.0,79.2
aeb164df-8d0b-49d9-9a57-40b475bae5bc,USDCAD,BUY,2026,Asia,C,1.36798,1.36547,1.37049,1.37299,1.3755,1.36798,-2.51,2.51,5.01,7.52,0.01,13305,2026-05-14 05:45:00 IST,16047,2026-05-18 03:30:00 IST,CLOSED,CANCELLED,0.0,1.36798,EXPIRED_2_DAYS,25.1,25.1,50.1,75.2,5,20,5.0,74.2
f34d6cd8-f350-46f6-85ce-28cf294e8758,USDCAD,BUY,2026,Asia,C,1.36991,1.36748,1.37234,1.37477,1.3772,1.36991,-2.43,2.43,4.86,7.29,0.01,14745,2026-05-15 05:45:00 IST,16047,2026-05-18 03:30:00 IST,CLOSED,CANCELLED,0.0,1.36991,EXPIRED_2_DAYS,24.3,24.3,48.6,72.9,5,20,5.0,74.2
59557958-9a23-4a02-9f46-4ed5084e5317,USDCAD,BUY,2026,Asia,A,1.37622,1.37392,1.37852,1.38082,1.38313,1.37622,-2.3,2.3,4.6,6.91,0.01,16182,2026-05-18 05:45:00 IST,16620,2026-05-18 13:03:00 IST,CLOSED,LOSS,-2.3,1.37392,SL_HIT,23.0,23.0,46.0,69.1,5,21,5.0,79.1
8e52b8f7-2b38-4ec8-a247-423fcd1af266,USDCAD,BUY,2026,Asia,A,1.37048,1.36797,1.37299,1.37549,1.378,1.37048,-2.51,2.51,5.01,7.52,0.01,13305,2026-05-14 05:45:00 IST,17427,2026-05-19 02:30:00 IST,CLOSED,WIN,3.14,1.37299,SL_HIT,25.1,25.1,50.1,75.2,5,20,5.0,79.2
52b61718-199f-486f-8cee-8eff613f8a33,USDCAD,BUY,2026,Asia,A,1.37241,1.36998,1.37484,1.37727,1.3797,1.37241,-2.43,2.43,4.86,7.29,0.01,14745,2026-05-15 05:45:00 IST,18599,2026-05-19 22:02:00 IST,CLOSED,WIN,3.05,1.37484,SL_HIT,24.3,24.3,48.6,72.9,5,20,5.0,79.2
a4679c73-6b4c-443d-8265-38fc346adaae,USDCAD,BUY,2026,Asia,A,1.37489,1.37283,1.37695,1.37901,1.38107,1.37489,-2.06,2.06,4.12,6.18,0.01,19061,2026-05-20 05:45:00 IST,19917,2026-05-20 20:01:00 IST,CLOSED,BREAKEVEN,1.13,1.37509,SL_HIT,20.6,20.6,41.2,61.8,5,21,5.0,79.0
0d1948e2-5c65-46e0-bebf-c0a9fb6b29d3,USDCAD,BUY,2026,Asia,A,1.37386,1.37171,1.37601,1.37816,1.38031,1.37386,-2.15,2.15,4.3,6.45,0.01,17622,2026-05-19 05:45:00 IST,19937,2026-05-20 20:21:00 IST,CLOSED,BREAKEVEN,1.17,1.37406,SL_HIT,21.5,21.5,43.0,64.5,5,21,5.0,79.1
050175a6-6ceb-488f-b899-ff0ffaebd0b2,USDCAD,BUY,2026,London,C,1.37372,1.37142,1.37602,1.37832,1.38063,1.37372,-2.3,2.3,4.6,6.91,0.01,16672,2026-05-18 13:55:00 IST,19944,2026-05-20 20:28:00 IST,CLOSED,BREAKEVEN,1.25,1.37392,SL_HIT,23.0,23.0,46.0,69.1,5,21,5.0,74.1
bd7521a0-a7b9-475d-8edd-90d41dfd9bdf,USDCAD,BUY,2026,Asia,A,1.36977,1.36697,1.37257,1.37536,1.37816,1.36977,-2.8,2.8,5.59,8.39,0.01,11865,2026-05-13 05:45:00 IST,20306,2026-05-21 02:30:00 IST,CLOSED,WIN,3.5,1.37257,SL_HIT,28.0,28.0,55.9,83.9,5,20,5.0,79.3
21e66cda-cec2-4c5a-bfee-274117e76b07,USDCAD,BUY,2026,Asia,C,1.37136,1.36921,1.37351,1.37566,1.37781,1.37136,-2.15,2.15,4.3,6.45,0.01,17622,2026-05-19 05:45:00 IST,20366,2026-05-21 03:30:00 IST,CLOSED,CANCELLED,0.0,1.37136,EXPIRED_2_DAYS,21.5,21.5,43.0,64.5,5,21,5.0,74.1
7eaf633d-ea00-4b89-8e84-36930851979a,USDCAD,BUY,2026,Asia,C,1.37239,1.37033,1.37445,1.37651,1.37857,1.37239,-2.06,2.06,4.12,6.18,0.01,20306,2026-05-21 02:30:00 IST,21284,2026-05-21 18:48:00 IST,CLOSED,WIN,3.61,1.37857,TP3_HIT,20.6,20.6,41.2,61.8,5,21,5.0,74.0
aab2915d-e52c-4a48-a70d-c1ddf2f5645e,USDCAD,BUY,2026,Asia,C,1.3751,1.37251,1.37769,1.38028,1.38288,1.3751,-2.59,2.59,5.18,7.78,0.01,21941,2026-05-22 05:45:00 IST,23245,2026-05-25 03:30:00 IST,CLOSED,CANCELLED,0.0,1.3751,EXPIRED_2_DAYS,25.9,25.9,51.8,77.8,5,21,5.0,74.2
ba3a200f-f1e4-47d8-bf2d-0e17a3781d28,USDCAD,BUY,2026,Asia,C,1.37774,1.37514,1.38034,1.38295,1.38555,1.37774,-2.6,2.6,5.21,7.81,0.01,23380,2026-05-25 05:45:00 IST,26124,2026-05-27 03:30:00 IST,CLOSED,CANCELLED,0.0,1.37774,EXPIRED_2_DAYS,26.0,26.0,52.1,78.1,5,22,5.0,74.2
979fc495-cba7-424e-982b-a32637c96ace,USDCAD,BUY,2026,Asia,C,1.37808,1.37552,1.38064,1.3832,1.38577,1.37808,-2.56,2.56,5.12,7.69,0.01,24820,2026-05-26 05:45:00 IST,27564,2026-05-28 03:30:00 IST,CLOSED,CANCELLED,0.0,1.37808,EXPIRED_2_DAYS,25.6,25.6,51.2,76.9,5,22,5.0,74.2
b7d10446-3372-4260-9254-6869cd162c25,USDCAD,BUY,2026,Asia,A,1.3776,1.37501,1.38019,1.38278,1.38538,1.3776,-2.59,2.59,5.18,7.78,0.01,21941,2026-05-22 05:45:00 IST,27802,2026-05-28 07:28:00 IST,CLOSED,WIN,4.54,1.38538,TP3_HIT,25.9,25.9,51.8,77.8,5,21,5.0,79.2
0ff0f90b-f8b9-4f26-adc3-3d4eca0c502f,USDCAD,BUY,2026,Asia,A,1.38445,1.38202,1.38688,1.3893,1.39173,1.38445,-2.43,2.43,4.85,7.28,0.01,27699,2026-05-28 05:45:00 IST,28117,2026-05-28 12:43:00 IST,CLOSED,BREAKEVEN,1.31,1.38465,SL_HIT,24.3,24.3,48.5,72.8,5,22,5.0,79.2
dc0d87a8-7589-447b-bfe5-ae4c2157ef0b,USDCAD,BUY,2026,Asia,A,1.38024,1.37764,1.38284,1.38545,1.38805,1.38024,-2.6,2.6,5.21,7.81,0.01,23380,2026-05-25 05:45:00 IST,28537,2026-05-28 19:43:00 IST,CLOSED,WIN,3.25,1.38284,SL_HIT,26.0,26.0,52.1,78.1,5,22,5.0,79.2
a9de8c3e-6e18-49d4-b04e-b9e894778de7,USDCAD,BUY,2026,Asia,A,1.38058,1.37802,1.38314,1.3857,1.38827,1.38058,-2.56,2.56,5.12,7.69,0.01,24820,2026-05-26 05:45:00 IST,28537,2026-05-28 19:43:00 IST,CLOSED,WIN,3.2,1.38314,SL_HIT,25.6,25.6,51.2,76.9,5,22,5.0,79.2
5416910d-a8d8-4c11-8ce8-19ba9dfbfe7a,USDCAD,BUY,2026,London,C,1.38195,1.37952,1.38438,1.3868,1.38923,1.38195,-2.43,2.43,4.85,7.28,0.01,28567,2026-05-28 20:13:00 IST,28668,2026-05-28 21:54:00 IST,CLOSED,LOSS,-2.43,1.37952,SL_HIT,24.3,24.3,48.5,72.8,5,22,5.0,74.2
9318661d-d58d-4d0e-8ba4-a5e6dbd4ad7c,USDCAD,BUY,2026,Asia,A,1.37828,1.37568,1.38088,1.38347,1.38607,1.37828,-2.6,2.6,5.19,7.79,0.01,29139,2026-05-29 05:45:00 IST,30017,2026-05-29 20:23:00 IST,CLOSED,BREAKEVEN,1.4,1.37848,SL_HIT,26.0,26.0,51.9,77.9,5,22,5.0,79.2
d42949e4-57aa-472c-8104-94a5e8ace281,USDCAD,BUY,2026,Asia,C,1.37578,1.37318,1.37838,1.38097,1.38357,1.37578,-2.6,2.6,5.19,7.79,0.01,29139,2026-05-29 05:45:00 IST,30383,2026-05-30 02:29:00 IST,CLOSED,CANCELLED,0.0,1.37578,EXPIRED,26.0,26.0,51.9,77.9,5,22,5.0,74.2
bd932d2a-4d58-4f14-bb8c-3dd246a7a0b8,XAUUSD,SELL,2026,Asia,A,4626.46,4627.96,4624.96,4623.46,4621.96,4626.46,-1.5,1.5,3.0,4.5,0.01,225,2026-05-01 05:45:00 IST,225,2026-05-01 05:45:00 IST,CLOSED,WIN,2.62,4621.96,TP3_HIT,150.0,150.0,300.0,450.0,5,18,23.13,78.8
b3fe6ba2-93de-435b-837f-26f5e68556f5,XAUUSD,SELL,2026,Asia,C,4627.41,4628.91,4625.91,4624.41,4622.91,4627.41,-1.5,1.5,3.0,4.5,0.01,230,2026-05-01 05:50:00 IST,231,2026-05-01 05:51:00 IST,CLOSED,BREAKEVEN,0.76,4627.39,SL_HIT,150.0,150.0,300.0,450.0,5,18,23.14,73.8
30bbea6d-8c00-4ed0-9dc8-d58d64e9d78d,XAUUSD,BUY,2026,Asia,A,4519.01,4517.51,4520.51,4522.01,4523.51,4519.01,-1.5,1.5,3.0,4.5,0.01,2865,2026-05-05 05:45:00 IST,2865,2026-05-05 05:45:00 IST,CLOSED,WIN,2.62,4523.51,TP3_HIT,150.0,150.0,300.0,450.0,5,19,22.6,78.8
de124d74-c317-4538-9b93-869709aca461,XAUUSD,BUY,2026,Asia,C,4518.06,4516.56,4519.56,4521.06,4522.56,4518.06,-1.5,1.5,3.0,4.5,0.01,2873,2026-05-05 05:53:00 IST,2876,2026-05-05 05:56:00 IST,CLOSED,BREAKEVEN,0.76,4518.08,SL_HIT,150.0,150.0,300.0,450.0,5,19,22.59,73.8
20ebcaf3-a3d5-4d9f-b140-1309be3ec006,XAUUSD,BUY,2026,Asia,A,4594.0,4592.5,4595.5,4597.0,4598.5,4594.0,-1.5,1.5,3.0,4.5,0.01,4185,2026-05-06 05:45:00 IST,4185,2026-05-06 05:45:00 IST,CLOSED,LOSS,-1.5,4592.5,SL_HIT,150.0,150.0,300.0,450.0,5,19,22.97,78.8
7c335c5a-1a3e-477d-86c7-ed1f54e8c13c,XAUUSD,BUY,2026,Asia,C,4593.05,4591.55,4594.55,4596.05,4597.55,4593.05,-1.5,1.5,3.0,4.5,0.01,4185,2026-05-06 05:45:00 IST,4185,2026-05-06 05:45:00 IST,CLOSED,LOSS,-1.5,4591.55,SL_HIT,150.0,150.0,300.0,450.0,5,19,22.97,73.8
02b3a3dd-c463-4a81-8f86-2ab3cdc43b2e,XAUUSD,BUY,2026,Asia,A,4704.23,4702.73,4705.73,4707.23,4708.73,4704.23,-1.5,1.5,3.0,4.5,0.01,6825,2026-05-08 05:45:00 IST,6825,2026-05-08 05:45:00 IST,CLOSED,LOSS,-1.5,4702.73,SL_HIT,150.0,150.0,300.0,450.0,5,19,23.52,78.8
d53e6e47-1c8f-49a9-88ed-701e636cabae,XAUUSD,BUY,2026,Asia,C,4703.28,4701.78,4704.78,4706.28,4707.78,4703.28,-1.5,1.5,3.0,4.5,0.01,6825,2026-05-08 05:45:00 IST,6825,2026-05-08 05:45:00 IST,CLOSED,LOSS,-1.5,4701.78,SL_HIT,150.0,150.0,300.0,450.0,5,19,23.52,73.8
6fe4846b-6da8-43bf-9e22-2ec46cd7e3e2,XAUUSD,BUY,2026,Asia,A,4691.58,4690.08,4693.08,4694.58,4696.08,4691.58,-1.5,1.5,3.0,4.5,0.01,8145,2026-05-11 05:45:00 IST,8145,2026-05-11 05:45:00 IST,CLOSED,LOSS,-1.5,4690.08,SL_HIT,150.0,150.0,300.0,450.0,5,20,23.46,78.8
611ff553-f94e-4d1d-ab5e-d6aafff10fc0,XAUUSD,BUY,2026,Asia,C,4690.63,4689.13,4692.13,4693.63,4695.13,4690.63,-1.5,1.5,3.0,4.5,0.01,8145,2026-05-11 05:45:00 IST,8145,2026-05-11 05:45:00 IST,CLOSED,LOSS,-1.5,4689.13,SL_HIT,150.0,150.0,300.0,450.0,5,20,23.45,73.8
01def193-9cd9-471c-aeb8-3bc6d0d0a047,XAUUSD,SELL,2026,Asia,A,4717.03,4718.53,4715.53,4714.03,4712.53,4717.03,-1.5,1.5,3.0,4.5,0.01,10785,2026-05-13 05:45:00 IST,10785,2026-05-13 05:45:00 IST,CLOSED,LOSS,-1.5,4718.53,SL_HIT,150.0,150.0,300.0,450.0,5,20,23.59,78.8
79957753-3a10-48e7-b880-0915dbe22cd2,XAUUSD,SELL,2026,Asia,C,4717.98,4719.48,4716.48,4714.98,4713.48,4717.98,-1.5,1.5,3.0,4.5,0.01,10785,2026-05-13 05:45:00 IST,10785,2026-05-13 05:45:00 IST,CLOSED,LOSS,-1.5,4719.48,SL_HIT,150.0,150.0,300.0,450.0,5,20,23.59,73.8
44f065a9-2d33-447e-a400-2f3ce053470c,XAUUSD,SELL,2026,Asia,A,4696.61,4698.11,4695.11,4693.61,4692.11,4696.61,-1.5,1.5,3.0,4.5,0.01,12105,2026-05-14 05:45:00 IST,12105,2026-05-14 05:45:00 IST,CLOSED,LOSS,-1.5,4698.11,SL_HIT,150.0,150.0,300.0,450.0,5,20,23.48,78.8
95601a73-b4c4-49c4-ace4-f3bfead732ec,XAUUSD,SELL,2026,Asia,C,4697.56,4699.06,4696.06,4694.56,4693.06,4697.56,-1.5,1.5,3.0,4.5,0.01,12105,2026-05-14 05:45:00 IST,12105,2026-05-14 05:45:00 IST,CLOSED,LOSS,-1.5,4699.06,SL_HIT,150.0,150.0,300.0,450.0,5,20,23.49,73.8
208cec91-252c-41eb-8857-15fbe7ff8439,XAUUSD,BUY,2026,Asia,A,4537.16,4535.66,4538.66,4540.16,4541.66,4537.16,-1.5,1.5,3.0,4.5,0.01,14745,2026-05-18 05:45:00 IST,14745,2026-05-18 05:45:00 IST,CLOSED,LOSS,-1.5,4535.66,SL_HIT,150.0,150.0,300.0,450.0,5,21,22.69,78.8
8d7de88f-0fd8-49aa-b7c4-e76164a17fd3,XAUUSD,BUY,2026,Asia,C,4536.21,4534.71,4537.71,4539.21,4540.71,4536.21,-1.5,1.5,3.0,4.5,0.01,14745,2026-05-18 05:45:00 IST,14745,2026-05-18 05:45:00 IST,CLOSED,LOSS,-1.5,4534.71,SL_HIT,150.0,150.0,300.0,450.0,5,21,22.68,73.8
d9fb527a-6e4e-48fe-bed4-8a0d3deae3a5,XAUUSD,SELL,2026,Asia,A,4581.79,4583.29,4580.29,4578.79,4577.29,4581.79,-1.5,1.5,3.0,4.5,0.01,16065,2026-05-19 05:45:00 IST,16065,2026-05-19 05:45:00 IST,CLOSED,WIN,2.62,4577.29,TP3_HIT,150.0,150.0,300.0,450.0,5,21,22.91,78.8
0256d583-d129-4f5b-8ac7-742a001a2f6c,XAUUSD,SELL,2026,Asia,B,4593.08,4594.58,4591.58,4590.08,4588.58,4593.08,-1.5,1.5,3.0,4.5,0.01,16065,2026-05-19 05:45:00 IST,16065,2026-05-19 05:45:00 IST,CLOSED,WIN,2.62,4588.58,TP3_HIT,150.0,150.0,300.0,450.0,5,21,22.97,93.8
1971bc14-ff79-44da-b0e4-2b4e70720ba4,XAUUSD,SELL,2026,Asia,C,4582.74,4584.24,4581.24,4579.74,4578.24,4582.74,-1.5,1.5,3.0,4.5,0.01,16071,2026-05-19 05:51:00 IST,16071,2026-05-19 05:51:00 IST,CLOSED,LOSS,-1.5,4584.24,SL_HIT,150.0,150.0,300.0,450.0,5,21,22.91,73.8
0e2fa23f-d6b4-4e86-85e3-416f5feff011,XAUUSD,BUY,2026,Asia,A,4535.45,4533.95,4536.95,4538.45,4539.95,4535.45,-1.5,1.5,3.0,4.5,0.01,20025,2026-05-22 05:45:00 IST,20025,2026-05-22 05:45:00 IST,CLOSED,LOSS,-1.5,4533.95,SL_HIT,150.0,150.0,300.0,450.0,5,21,22.68,78.8
9483123e-57c3-4a7a-82e4-e9a4d66a9045,XAUUSD,BUY,2026,Asia,C,4534.5,4533.0,4536.0,4537.5,4539.0,4534.5,-1.5,1.5,3.0,4.5,0.01,20025,2026-05-22 05:45:00 IST,20025,2026-05-22 05:45:00 IST,CLOSED,LOSS,-1.5,4533.0,SL_HIT,150.0,150.0,300.0,450.0,5,21,22.67,73.8
df52c3f0-01db-4119-b38f-b483c9571dc2,XAUUSD,SELL,2026,Asia,A,4567.1,4568.6,4565.6,4564.1,4562.6,4567.1,-1.5,1.5,3.0,4.5,0.01,21345,2026-05-25 05:45:00 IST,21345,2026-05-25 05:45:00 IST,CLOSED,LOSS,-1.5,4568.6,SL_HIT,150.0,150.0,300.0,450.0,5,22,22.84,78.8
494377b7-c004-450e-83b5-5699d8e5911e,XAUUSD,SELL,2026,Asia,C,4568.05,4569.55,4566.55,4565.05,4563.55,4568.05,-1.5,1.5,3.0,4.5,0.01,21345,2026-05-25 05:45:00 IST,21345,2026-05-25 05:45:00 IST,CLOSED,LOSS,-1.5,4569.55,SL_HIT,150.0,150.0,300.0,450.0,5,22,22.84,73.8
99e093fd-68cd-444a-b40f-2ddeb405e7f5,XAUUSD,SELL,2026,Asia,A,4559.6,4561.1,4558.1,4556.6,4555.1,4559.6,-1.5,1.5,3.0,4.5,0.01,22576,2026-05-26 05:45:00 IST,22576,2026-05-26 05:45:00 IST,CLOSED,WIN,2.62,4555.1,TP3_HIT,150.0,150.0,300.0,450.0,5,22,22.8,78.8
de778be6-950c-47e9-a1b7-30934c65a3ae,XAUUSD,SELL,2026,Asia,A,4519.73,4521.23,4518.23,4516.73,4515.23,4519.73,-1.5,1.5,3.0,4.5,0.01,23896,2026-05-27 05:45:00 IST,23896,2026-05-27 05:45:00 IST,CLOSED,LOSS,-1.5,4521.23,SL_HIT,150.0,150.0,300.0,450.0,5,22,22.6,78.8
3fc15ac9-c9c5-40b6-a41b-06325eed737b,XAUUSD,SELL,2026,Asia,C,4520.68,4522.18,4519.18,4517.68,4516.18,4520.68,-1.5,1.5,3.0,4.5,0.01,23896,2026-05-27 05:45:00 IST,23896,2026-05-27 05:45:00 IST,CLOSED,LOSS,-1.5,4522.18,SL_HIT,150.0,150.0,300.0,450.0,5,22,22.6,73.8
9b6640dc-d231-4d09-a2de-ee3cfd52444b,XAUUSD,SELL,2026,Asia,C,4560.55,4562.05,4559.05,4557.55,4556.05,4560.55,-1.5,1.5,3.0,4.5,0.01,22576,2026-05-26 05:45:00 IST,25081,2026-05-28 03:30:00 IST,CLOSED,CANCELLED,0.0,4560.55,EXPIRED_2_DAYS,150.0,150.0,300.0,450.0,5,22,22.8,73.8
49250096-2ca4-44fa-ac2c-de10ff2de205,XAUUSD,BUY,2026,Asia,A,4447.1,4445.6,4448.6,4450.1,4451.6,4447.1,-1.5,1.5,3.0,4.5,0.01,25216,2026-05-28 05:45:00 IST,25216,2026-05-28 05:45:00 IST,CLOSED,LOSS,-1.5,4445.6,SL_HIT,150.0,150.0,300.0,450.0,5,22,22.24,78.8
d97d2308-413c-4800-a179-4bce56cea664,XAUUSD,BUY,2026,Asia,C,4446.15,4444.65,4447.65,4449.15,4450.65,4446.15,-1.5,1.5,3.0,4.5,0.01,25216,2026-05-28 05:45:00 IST,25216,2026-05-28 05:45:00 IST,CLOSED,LOSS,-1.5,4444.65,SL_HIT,150.0,150.0,300.0,450.0,5,22,22.23,73.8
13aa1401-5fe7-463d-a67b-33942ae99cad,XAUUSD,SELL,2026,Asia,A,4495.13,4496.63,4493.63,4492.13,4490.63,4495.13,-1.5,1.5,3.0,4.5,0.01,26536,2026-05-29 05:45:00 IST,26536,2026-05-29 05:45:00 IST,CLOSED,LOSS,-1.5,4496.63,SL_HIT,150.0,150.0,300.0,450.0,5,22,22.48,78.8
56cb8353-df27-4d29-ac41-e2f722ac08a4,XAUUSD,SELL,2026,Asia,C,4496.08,4497.58,4494.58,4493.08,4491.58,4496.08,-1.5,1.5,3.0,4.5,0.01,26536,2026-05-29 05:45:00 IST,26536,2026-05-29 05:45:00 IST,CLOSED,LOSS,-1.5,4497.58,SL_HIT,150.0,150.0,300.0,450.0,5,22,22.48,73.8
d9b37b4f-85f3-404e-9986-35f2f0dfbecd,XAGUSD,SELL,2026,Asia,A,75.683,77.183,74.183,72.683,71.183,75.683,-75.0,75.0,150.0,225.0,0.01,1545,2026-05-04 05:45:00 IST,2270,2026-05-04 17:50:00 IST,CLOSED,WIN,93.75,74.183,SL_HIT,150.0,150.0,300.0,450.0,5,19,18.92,78.8
8c284797-04cf-492b-8c2d-2e57e754ffb7,XAGUSD,SELL,2026,Asia,C,76.633,78.133,75.133,73.633,72.133,76.633,-75.0,75.0,150.0,225.0,0.01,1545,2026-05-04 05:45:00 IST,4050,2026-05-06 03:30:00 IST,CLOSED,CANCELLED,0.0,76.633,EXPIRED_2_DAYS,150.0,150.0,300.0,450.0,5,19,19.16,73.8
8a62793c-3404-464a-bce3-398fca804f48,XAGUSD,BUY,2026,Asia,A,72.581,71.081,74.081,75.581,77.081,72.581,-75.0,75.0,150.0,225.0,0.01,2865,2026-05-05 05:45:00 IST,4702,2026-05-06 14:22:00 IST,CLOSED,WIN,131.25,77.081,TP3_HIT,150.0,150.0,300.0,450.0,5,19,18.15,78.8
0a95b8f2-4ebe-4cac-8fb3-95d2e6a811c0,XAGUSD,BUY,2026,Asia,C,71.631,70.131,73.131,74.631,76.131,71.631,-75.0,75.0,150.0,225.0,0.01,2865,2026-05-05 05:45:00 IST,5370,2026-05-07 03:30:00 IST,CLOSED,CANCELLED,0.0,71.631,EXPIRED_2_DAYS,150.0,150.0,300.0,450.0,5,19,17.91,73.8
25caf2df-7f76-4226-a1b8-d645cf936ae1,XAGUSD,BUY,2026,Asia,A,73.9,72.4,75.4,76.9,78.4,73.9,-75.0,75.0,150.0,225.0,0.01,4185,2026-05-06 05:45:00 IST,5872,2026-05-07 11:52:00 IST,CLOSED,WIN,131.25,78.4,TP3_HIT,150.0,150.0,300.0,450.0,5,19,18.48,78.8
6a5ddc61-c6a8-4e40-ad5f-896a7633aa4c,XAGUSD,BUY,2026,Asia,A,77.534,76.034,79.034,80.534,82.034,77.534,-75.0,75.0,150.0,225.0,0.01,5505,2026-05-07 05:45:00 IST,6384,2026-05-07 20:24:00 IST,CLOSED,WIN,131.25,82.034,TP3_HIT,150.0,150.0,300.0,450.0,5,19,19.38,78.8
cd4e3167-26c5-4992-aec6-36334003765a,XAGUSD,BUY,2026,Asia,C,72.95,71.45,74.45,75.95,77.45,72.95,-75.0,75.0,150.0,225.0,0.01,4185,2026-05-06 05:45:00 IST,6690,2026-05-08 03:31:00 IST,CLOSED,CANCELLED,0.0,72.95,EXPIRED_2_DAYS,150.0,150.0,300.0,450.0,5,19,18.24,73.8
dda227ef-c562-46ef-a56e-1ec7f345a047,XAGUSD,BUY,2026,Asia,C,76.584,75.084,78.084,79.584,81.084,76.584,-75.0,75.0,150.0,225.0,0.01,5505,2026-05-07 05:45:00 IST,8009,2026-05-11 03:31:00 IST,CLOSED,CANCELLED,0.0,76.584,EXPIRED_2_DAYS,150.0,150.0,300.0,450.0,5,19,19.15,73.8
4373b7fe-4b5a-4d87-92d7-4af7af5fb132,XAGUSD,BUY,2026,Asia,C,78.287,76.787,79.787,81.287,82.787,78.287,-75.0,75.0,150.0,225.0,0.01,6824,2026-05-08 05:45:00 IST,8009,2026-05-11 03:31:00 IST,CLOSED,CANCELLED,0.0,78.287,EXPIRED_2_DAYS,150.0,150.0,300.0,450.0,5,19,19.57,73.8
dd08470d-a9f8-4fe8-80ca-c0c299d34446,XAGUSD,BUY,2026,Asia,A,79.237,77.737,80.737,82.237,83.737,79.237,-75.0,75.0,150.0,225.0,0.01,6824,2026-05-08 05:45:00 IST,8011,2026-05-11 03:33:00 IST,CLOSED,BREAKEVEN,38.0,79.257,SL_HIT,150.0,150.0,300.0,450.0,5,19,19.81,78.8
64eebac0-050a-464c-a3b7-444754ff7a1a,XAGUSD,BUY,2026,Asia,A,79.977,78.477,81.477,82.977,84.477,79.977,-75.0,75.0,150.0,225.0,0.01,8143,2026-05-11 05:45:00 IST,8472,2026-05-11 11:14:00 IST,CLOSED,BREAKEVEN,38.0,79.997,SL_HIT,150.0,150.0,300.0,450.0,5,20,19.99,78.8
2bb9a536-bfa6-4318-a879-a6c3e14246f9,XAGUSD,SELL,2026,Asia,A,87.146,88.646,85.646,84.146,82.646,87.146,-75.0,75.0,150.0,225.0,0.01,9463,2026-05-12 05:45:00 IST,10563,2026-05-13 00:05:00 IST,CLOSED,WIN,93.75,85.646,SL_HIT,150.0,150.0,300.0,450.0,5,20,21.79,78.8
5a08ccf4-c8f7-4dc8-aa4d-60b71fba3f03,XAGUSD,BUY,2026,Asia,C,79.027,77.527,80.527,82.027,83.527,79.027,-75.0,75.0,150.0,225.0,0.01,8143,2026-05-11 05:45:00 IST,10648,2026-05-13 03:30:00 IST,CLOSED,CANCELLED,0.0,79.027,EXPIRED_2_DAYS,150.0,150.0,300.0,450.0,5,20,19.76,73.8
601f6afb-d72e-4762-99f2-99eebe141985,XAGUSD,SELL,2026,Asia,A,87.102,88.602,85.602,84.102,82.602,87.102,-75.0,75.0,150.0,225.0,0.01,10783,2026-05-13 05:45:00 IST,11678,2026-05-13 20:40:00 IST,CLOSED,LOSS,-75.0,88.602,SL_HIT,150.0,150.0,300.0,450.0,5,20,21.78,78.8
f4a0922b-b8c9-463d-b7a4-34ac06f15226,XAGUSD,SELL,2026,London,C,88.096,89.596,86.596,85.096,83.596,88.096,-75.0,75.0,150.0,225.0,0.01,11642,2026-05-13 20:04:00 IST,13269,2026-05-15 01:11:00 IST,CLOSED,WIN,131.25,83.596,TP3_HIT,150.0,150.0,300.0,450.0,5,20,22.02,73.8
835a1351-583d-4a18-8156-a047c4883735,XAGUSD,SELL,2026,London,C,88.052,89.552,86.552,85.052,83.552,88.052,-75.0,75.0,150.0,225.0,0.01,11642,2026-05-13 20:04:00 IST,13269,2026-05-15 01:11:00 IST,CLOSED,WIN,131.25,83.552,TP3_HIT,150.0,150.0,300.0,450.0,5,20,22.01,73.8
3956de78-1ebc-4836-b112-119b38536314,XAGUSD,SELL,2026,Asia,A,87.708,89.208,86.208,84.708,83.208,87.708,-75.0,75.0,150.0,225.0,0.01,12103,2026-05-14 05:45:00 IST,13383,2026-05-15 05:05:00 IST,CLOSED,WIN,131.25,83.208,TP3_HIT,150.0,150.0,300.0,450.0,5,20,21.93,78.8
2a64f908-1b90-407f-8c0b-2154cb4f5973,XAGUSD,SELL,2026,Asia,C,88.658,90.158,87.158,85.658,84.158,88.658,-75.0,75.0,150.0,225.0,0.01,12103,2026-05-14 05:45:00 IST,14608,2026-05-18 03:30:00 IST,CLOSED,CANCELLED,0.0,88.658,EXPIRED_2_DAYS,150.0,150.0,300.0,450.0,5,20,22.16,73.8
e47b21ad-90bc-470b-9809-508c7030781d,XAGUSD,BUY,2026,Asia,A,76.637,75.137,78.137,79.637,81.137,76.637,-75.0,75.0,150.0,225.0,0.01,14743,2026-05-18 05:45:00 IST,14757,2026-05-18 05:59:00 IST,CLOSED,LOSS,-75.0,75.137,SL_HIT,150.0,150.0,300.0,450.0,5,21,19.16,78.8
92cfeaaa-70de-4720-bf2c-8e1e4555b482,XAGUSD,BUY,2026,Asia,C,75.687,74.187,77.187,78.687,80.187,75.687,-75.0,75.0,150.0,225.0,0.01,14752,2026-05-18 05:54:00 IST,14772,2026-05-18 06:14:00 IST,CLOSED,LOSS,-75.0,74.187,SL_HIT,150.0,150.0,300.0,450.0,5,21,18.92,73.8
ae470cfd-d080-4251-8dde-08ab7576a200,XAGUSD,SELL,2026,Asia,A,78.681,80.181,77.181,75.681,74.181,78.681,-75.0,75.0,150.0,225.0,0.01,16063,2026-05-19 05:45:00 IST,16853,2026-05-19 18:55:00 IST,CLOSED,WIN,131.25,74.181,TP3_HIT,150.0,150.0,300.0,450.0,5,21,19.67,78.8
00e682ef-c9ea-417d-9f33-93cc772c2864,XAGUSD,SELL,2026,Asia,C,79.631,81.131,78.131,76.631,75.131,79.631,-75.0,75.0,150.0,225.0,0.01,16063,2026-05-19 05:45:00 IST,18568,2026-05-21 03:30:00 IST,CLOSED,CANCELLED,0.0,79.631,EXPIRED_2_DAYS,150.0,150.0,300.0,450.0,5,21,19.91,73.8
65ca75c6-7dea-4407-8778-48d388f263c7,XAGUSD,BUY,2026,Asia,C,73.224,71.724,74.724,76.224,77.724,73.224,-75.0,75.0,150.0,225.0,0.01,17520,2026-05-20 08:02:00 IST,19169,2026-05-21 13:31:00 IST,CLOSED,WIN,93.75,74.724,SL_HIT,150.0,150.0,300.0,450.0,5,21,18.31,73.8
d90afaf3-a983-4771-80c0-f7985f87ccdf,XAGUSD,SELL,2026,Asia,A,76.647,78.147,75.147,73.647,72.147,76.647,-75.0,75.0,150.0,225.0,0.01,20023,2026-05-22 05:45:00 IST,21208,2026-05-25 03:30:00 IST,CLOSED,BREAKEVEN,38.0,76.627,SL_HIT,150.0,150.0,300.0,450.0,5,21,19.16,78.8
18e34131-7592-4a57-b0d9-7ce95fd57daa,XAGUSD,SELL,2026,Asia,C,77.597,79.097,76.097,74.597,73.097,77.597,-75.0,75.0,150.0,225.0,0.01,20023,2026-05-22 05:45:00 IST,21208,2026-05-25 03:30:00 IST,CLOSED,CANCELLED,0.0,77.597,EXPIRED_2_DAYS,150.0,150.0,300.0,450.0,5,21,19.4,73.8
a082d667-e5fa-408c-856c-20dbbd807f8b,XAGUSD,BUY,2026,Asia,A,74.174,72.674,75.674,77.174,78.674,74.174,-75.0,75.0,150.0,225.0,0.01,17383,2026-05-20 05:45:00 IST,21301,2026-05-25 05:03:00 IST,CLOSED,WIN,131.25,78.674,TP3_HIT,150.0,150.0,300.0,450.0,5,21,18.54,78.8
c0fdc64b-1f29-4a82-8571-a7d8fda969d8,XAGUSD,SELL,2026,Asia,C,79.142,80.642,77.642,76.142,74.642,79.142,-75.0,75.0,150.0,225.0,0.01,21343,2026-05-25 05:45:00 IST,23758,2026-05-27 03:30:00 IST,CLOSED,CANCELLED,0.0,79.142,EXPIRED_2_DAYS,150.0,150.0,300.0,450.0,5,22,19.79,73.8
86f8f45e-a2ca-4bec-8333-4860673f5164,XAGUSD,SELL,2026,Asia,A,78.192,79.692,76.692,75.192,73.692,78.192,-75.0,75.0,150.0,225.0,0.01,21343,2026-05-25 05:45:00 IST,24568,2026-05-27 17:00:00 IST,CLOSED,WIN,131.25,73.692,TP3_HIT,150.0,150.0,300.0,450.0,5,22,19.55,78.8
3641bb96-594f-4d46-938f-b77a11f1551b,XAGUSD,SELL,2026,Asia,C,78.619,80.119,77.119,75.619,74.119,78.619,-75.0,75.0,150.0,225.0,0.01,22573,2026-05-26 05:45:00 IST,25078,2026-05-28 03:30:00 IST,CLOSED,CANCELLED,0.0,78.619,EXPIRED_2_DAYS,150.0,150.0,300.0,450.0,5,22,19.65,73.8
775484a1-6eda-4329-b4f1-a89158a4b4b6,XAGUSD,SELL,2026,Asia,A,77.669,79.169,76.169,74.669,73.169,77.669,-75.0,75.0,150.0,225.0,0.01,22573,2026-05-26 05:45:00 IST,25286,2026-05-28 06:58:00 IST,CLOSED,WIN,131.25,73.169,TP3_HIT,150.0,150.0,300.0,450.0,5,22,19.42,78.8
71fa3f69-7d4d-439e-8eda-f7fa68217f77,XAGUSD,SELL,2026,Asia,A,77.362,78.7323,75.9917,74.6214,73.2511,77.362,-68.5,68.5,137.05,205.55,0.01,23893,2026-05-27 05:45:00 IST,25286,2026-05-28 06:58:00 IST,CLOSED,WIN,119.91,73.2511,TP3_HIT,137.0,137.0,274.1,411.1,5,22,19.34,78.7
55f21795-e4eb-4b63-9a74-e4af48c2511d,XAGUSD,SELL,2026,Asia,C,78.312,79.6823,76.9417,75.5714,74.2011,78.312,-68.5,68.5,137.05,205.55,0.01,23893,2026-05-27 05:45:00 IST,26398,2026-05-29 03:30:00 IST,CLOSED,CANCELLED,0.0,78.312,EXPIRED_2_DAYS,137.0,137.0,274.1,411.1,5,22,19.58,73.7
a22ff4ec-392b-4070-aa80-dd848d62d1b1,XAGUSD,SELL,2026,Asia,A,75.677,77.177,74.177,72.677,71.177,75.677,-75.0,75.0,150.0,225.0,0.01,26533,2026-05-29 05:45:00 IST,27717,2026-05-30 01:29:00 IST,CLOSED,EXPIRED,6.65,75.544,SESSION_END,150.0,150.0,300.0,450.0,5,22,18.92,78.8
b3e3e1df-75b8-428f-93e9-3a0dcdfdef0b,XAGUSD,SELL,2026,London,C,76.627,78.127,75.127,73.627,72.127,76.627,-75.0,75.0,150.0,225.0,0.01,27431,2026-05-29 20:43:00 IST,27717,2026-05-30 01:29:00 IST,CLOSED,EXPIRED,54.15,75.544,SESSION_END,150.0,150.0,300.0,450.0,5,22,19.16,73.8
